0,../MIT_split/train/forest/land733.jpg,0
1,../MIT_split/train/coast/n384099.jpg,3
2,../MIT_split/train/forest/for112.jpg,0
3,../MIT_split/train/forest/for58.jpg,0
4,../MIT_split/train/coast/art294.jpg,3
5,../MIT_split/train/street/enc48.jpg,5
6,../MIT_split/train/coast/nat109.jpg,3
7,../MIT_split/train/mountain/sharp16.jpg,6
8,../MIT_split/train/highway/gre52.jpg,2
9,../MIT_split/train/Opencountry/land681.jpg,7
10,../MIT_split/train/forest/natu28.jpg,0
11,../MIT_split/train/Opencountry/n295006.jpg,7
12,../MIT_split/train/coast/sun42.jpg,3
13,../MIT_split/train/coast/n228092.jpg,3
14,../MIT_split/train/mountain/cdmc184.jpg,6
15,../MIT_split/train/forest/for86.jpg,0
16,../MIT_split/train/coast/natu817.jpg,3
17,../MIT_split/train/coast/n739047.jpg,3
18,../MIT_split/train/mountain/n860061.jpg,6
19,../MIT_split/train/tallbuilding/art1346.jpg,4
20,../MIT_split/train/street/street3.jpg,5
21,../MIT_split/train/Opencountry/natu506.jpg,7
22,../MIT_split/train/tallbuilding/art1749.jpg,4
23,../MIT_split/train/highway/gre35.jpg,2
24,../MIT_split/train/tallbuilding/archi621.jpg,4
25,../MIT_split/train/coast/n736062.jpg,3
26,../MIT_split/train/Opencountry/cdmc710.jpg,7
27,../MIT_split/train/inside_city/a632023.jpg,1
28,../MIT_split/train/mountain/land26.jpg,6
29,../MIT_split/train/inside_city/hous71.jpg,1
30,../MIT_split/train/street/par169.jpg,5
31,../MIT_split/train/tallbuilding/art296.jpg,4
32,../MIT_split/train/highway/urb754.jpg,2
33,../MIT_split/train/Opencountry/natu544.jpg,7
34,../MIT_split/train/coast/nat897.jpg,3
35,../MIT_split/train/tallbuilding/art446.jpg,4
36,../MIT_split/train/forest/cdmc507.jpg,0
37,../MIT_split/train/mountain/land879.jpg,6
38,../MIT_split/train/Opencountry/land560.jpg,7
39,../MIT_split/train/tallbuilding/art1593.jpg,4
40,../MIT_split/train/street/gre159.jpg,5
41,../MIT_split/train/Opencountry/nat589.jpg,7
42,../MIT_split/train/coast/n424079.jpg,3
43,../MIT_split/train/highway/art576.jpg,2
44,../MIT_split/train/street/par140.jpg,5
45,../MIT_split/train/tallbuilding/a807065.jpg,4
46,../MIT_split/train/street/bost137.jpg,5
47,../MIT_split/train/tallbuilding/a806037.jpg,4
48,../MIT_split/train/street/street94.jpg,5
49,../MIT_split/train/inside_city/art695.jpg,1
50,../MIT_split/train/inside_city/bost141.jpg,1
51,../MIT_split/train/inside_city/art1058.jpg,1
52,../MIT_split/train/mountain/n603032.jpg,6
53,../MIT_split/train/coast/natu908.jpg,3
54,../MIT_split/train/Opencountry/osun12.jpg,7
55,../MIT_split/train/coast/nat667.jpg,3
56,../MIT_split/train/tallbuilding/urban16.jpg,4
57,../MIT_split/train/coast/n199067.jpg,3
58,../MIT_split/train/Opencountry/land618.jpg,7
59,../MIT_split/train/mountain/n392087.jpg,6
60,../MIT_split/train/mountain/land280.jpg,6
61,../MIT_split/train/forest/natu428.jpg,0
62,../MIT_split/train/forest/nat623.jpg,0
63,../MIT_split/train/Opencountry/land555.jpg,7
64,../MIT_split/train/coast/sun39.jpg,3
65,../MIT_split/train/highway/gre470.jpg,2
66,../MIT_split/train/tallbuilding/a805044.jpg,4
67,../MIT_split/train/mountain/n18028.jpg,6
68,../MIT_split/train/mountain/nat49.jpg,6
69,../MIT_split/train/street/art923.jpg,5
70,../MIT_split/train/mountain/nat1231.jpg,6
71,../MIT_split/train/tallbuilding/art101.jpg,4
72,../MIT_split/train/mountain/land188.jpg,6
73,../MIT_split/train/forest/land727.jpg,0
74,../MIT_split/train/street/par141.jpg,5
75,../MIT_split/train/forest/cdmc283.jpg,0
76,../MIT_split/train/Opencountry/land835.jpg,7
77,../MIT_split/train/highway/gre684.jpg,2
78,../MIT_split/train/inside_city/hous121.jpg,1
79,../MIT_split/train/forest/nat286.jpg,0
80,../MIT_split/train/mountain/n44001.jpg,6
81,../MIT_split/train/mountain/land189.jpg,6
82,../MIT_split/train/Opencountry/n213062.jpg,7
83,../MIT_split/train/mountain/n18019.jpg,6
84,../MIT_split/train/tallbuilding/urban1038.jpg,4
85,../MIT_split/train/forest/nat398.jpg,0
86,../MIT_split/train/highway/gre658.jpg,2
87,../MIT_split/train/tallbuilding/a438038.jpg,4
88,../MIT_split/train/forest/land801.jpg,0
89,../MIT_split/train/street/par5.jpg,5
90,../MIT_split/train/highway/art608.jpg,2
91,../MIT_split/train/highway/gre656.jpg,2
92,../MIT_split/train/highway/gre661.jpg,2
93,../MIT_split/train/Opencountry/fie37.jpg,7
94,../MIT_split/train/Opencountry/sopen61.jpg,7
95,../MIT_split/train/Opencountry/land516.jpg,7
96,../MIT_split/train/highway/gre46.jpg,2
97,../MIT_split/train/coast/land812.jpg,3
98,../MIT_split/train/inside_city/a129048.jpg,1
99,../MIT_split/train/highway/bost330.jpg,2
100,../MIT_split/train/inside_city/urb612.jpg,1
101,../MIT_split/train/tallbuilding/bost390.jpg,4
102,../MIT_split/train/highway/art336.jpg,2
103,../MIT_split/train/Opencountry/natu939.jpg,7
104,../MIT_split/train/mountain/n44003.jpg,6
105,../MIT_split/train/inside_city/bost85.jpg,1
106,../MIT_split/train/street/art256.jpg,5
107,../MIT_split/train/forest/cdmc556.jpg,0
108,../MIT_split/train/mountain/n603048.jpg,6
109,../MIT_split/train/mountain/n213041.jpg,6
110,../MIT_split/train/inside_city/gre446.jpg,1
111,../MIT_split/train/tallbuilding/urban749.jpg,4
112,../MIT_split/train/mountain/gre242.jpg,6
113,../MIT_split/train/inside_city/a807036.jpg,1
114,../MIT_split/train/coast/cdmc929.jpg,3
115,../MIT_split/train/tallbuilding/sky42.jpg,4
116,../MIT_split/train/coast/cdmc873.jpg,3
117,../MIT_split/train/tallbuilding/art306.jpg,4
118,../MIT_split/train/tallbuilding/urban1044.jpg,4
119,../MIT_split/train/street/boston61.jpg,5
120,../MIT_split/train/coast/sun4.jpg,3
121,../MIT_split/train/tallbuilding/a487082.jpg,4
122,../MIT_split/train/inside_city/hous85.jpg,1
123,../MIT_split/train/mountain/n18039.jpg,6
124,../MIT_split/train/coast/cdmc927.jpg,3
125,../MIT_split/train/tallbuilding/art1725.jpg,4
126,../MIT_split/train/street/land767.jpg,5
127,../MIT_split/train/forest/natc12.jpg,0
128,../MIT_split/train/street/gre130.jpg,5
129,../MIT_split/train/coast/cdmc845.jpg,3
130,../MIT_split/train/coast/cdmc954.jpg,3
131,../MIT_split/train/highway/gre678.jpg,2
132,../MIT_split/train/tallbuilding/urb893.jpg,4
133,../MIT_split/train/forest/for148.jpg,0
134,../MIT_split/train/inside_city/art20.jpg,1
135,../MIT_split/train/street/hexp29.jpg,5
136,../MIT_split/train/forest/cdmc533.jpg,0
137,../MIT_split/train/forest/nat328.jpg,0
138,../MIT_split/train/coast/natu469.jpg,3
139,../MIT_split/train/Opencountry/land416.jpg,7
140,../MIT_split/train/inside_city/art654.jpg,1
141,../MIT_split/train/forest/nat1095.jpg,0
142,../MIT_split/train/Opencountry/land472.jpg,7
143,../MIT_split/train/coast/cdmc889.jpg,3
144,../MIT_split/train/mountain/n841059.jpg,6
145,../MIT_split/train/inside_city/art1594.jpg,1
146,../MIT_split/train/coast/sun44.jpg,3
147,../MIT_split/train/highway/bost178.jpg,2
148,../MIT_split/train/Opencountry/nat173.jpg,7
149,../MIT_split/train/tallbuilding/urb914.jpg,4
150,../MIT_split/train/Opencountry/land797.jpg,7
151,../MIT_split/train/tallbuilding/art447.jpg,4
152,../MIT_split/train/inside_city/art901.jpg,1
153,../MIT_split/train/highway/bost303.jpg,2
154,../MIT_split/train/forest/land215.jpg,0
155,../MIT_split/train/street/street110.jpg,5
156,../MIT_split/train/highway/bost395.jpg,2
157,../MIT_split/train/Opencountry/tell59.jpg,7
158,../MIT_split/train/mountain/n219015.jpg,6
159,../MIT_split/train/highway/nat550.jpg,2
160,../MIT_split/train/Opencountry/natu984.jpg,7
161,../MIT_split/train/mountain/n266018.jpg,6
162,../MIT_split/train/forest/urb767.jpg,0
163,../MIT_split/train/coast/natu702.jpg,3
164,../MIT_split/train/inside_city/par129.jpg,1
165,../MIT_split/train/inside_city/hous14.jpg,1
166,../MIT_split/train/Opencountry/open55.jpg,7
167,../MIT_split/train/mountain/sharp34.jpg,6
168,../MIT_split/train/highway/par23.jpg,2
169,../MIT_split/train/inside_city/art30.jpg,1
170,../MIT_split/train/mountain/nat783.jpg,6
171,../MIT_split/train/inside_city/art903.jpg,1
172,../MIT_split/train/forest/for151.jpg,0
173,../MIT_split/train/highway/bost161.jpg,2
174,../MIT_split/train/street/bost104.jpg,5
175,../MIT_split/train/inside_city/hous106.jpg,1
176,../MIT_split/train/inside_city/gre9.jpg,1
177,../MIT_split/train/coast/sun31.jpg,3
178,../MIT_split/train/street/boston263.jpg,5
179,../MIT_split/train/mountain/n213021.jpg,6
180,../MIT_split/train/street/gre124.jpg,5
181,../MIT_split/train/inside_city/art1165.jpg,1
182,../MIT_split/train/tallbuilding/art1392.jpg,4
183,../MIT_split/train/tallbuilding/urb246.jpg,4
184,../MIT_split/train/Opencountry/land764.jpg,7
185,../MIT_split/train/Opencountry/natu524.jpg,7
186,../MIT_split/train/highway/gre144.jpg,2
187,../MIT_split/train/highway/gre53.jpg,2
188,../MIT_split/train/forest/natu794.jpg,0
189,../MIT_split/train/tallbuilding/a487047.jpg,4
190,../MIT_split/train/mountain/land680.jpg,6
191,../MIT_split/train/tallbuilding/urban171.jpg,4
192,../MIT_split/train/Opencountry/land364.jpg,7
193,../MIT_split/train/coast/osun54.jpg,3
194,../MIT_split/train/street/par103.jpg,5
195,../MIT_split/train/inside_city/par136.jpg,1
196,../MIT_split/train/forest/for77.jpg,0
197,../MIT_split/train/mountain/natu974.jpg,6
198,../MIT_split/train/forest/nat310.jpg,0
199,../MIT_split/train/street/urb228.jpg,5
200,../MIT_split/train/inside_city/urb648.jpg,1
201,../MIT_split/train/highway/art820.jpg,2
202,../MIT_split/train/coast/cdmc706.jpg,3
203,../MIT_split/train/coast/land114.jpg,3
204,../MIT_split/train/forest/nat349.jpg,0
205,../MIT_split/train/tallbuilding/urban1003.jpg,4
206,../MIT_split/train/street/art767.jpg,5
207,../MIT_split/train/mountain/sharp40.jpg,6
208,../MIT_split/train/mountain/n213009.jpg,6
209,../MIT_split/train/street/par9.jpg,5
210,../MIT_split/train/tallbuilding/art391.jpg,4
211,../MIT_split/train/Opencountry/land625.jpg,7
212,../MIT_split/train/inside_city/art1277.jpg,1
213,../MIT_split/train/highway/bost323.jpg,2
214,../MIT_split/train/inside_city/urb359.jpg,1
215,../MIT_split/train/Opencountry/nat499.jpg,7
216,../MIT_split/train/forest/for157.jpg,0
217,../MIT_split/train/inside_city/a212052.jpg,1
218,../MIT_split/train/Opencountry/nat1034.jpg,7
219,../MIT_split/train/Opencountry/land965.jpg,7
220,../MIT_split/train/Opencountry/natu832.jpg,7
221,../MIT_split/train/forest/natu696.jpg,0
222,../MIT_split/train/forest/for132.jpg,0
223,../MIT_split/train/mountain/sharp27.jpg,6
224,../MIT_split/train/tallbuilding/art1538.jpg,4
225,../MIT_split/train/mountain/land775.jpg,6
226,../MIT_split/train/Opencountry/open61.jpg,7
227,../MIT_split/train/street/par90.jpg,5
228,../MIT_split/train/forest/nat239.jpg,0
229,../MIT_split/train/forest/for110.jpg,0
230,../MIT_split/train/Opencountry/land500.jpg,7
231,../MIT_split/train/mountain/natu461.jpg,6
232,../MIT_split/train/highway/bost331.jpg,2
233,../MIT_split/train/coast/n291057.jpg,3
234,../MIT_split/train/mountain/sharp69.jpg,6
235,../MIT_split/train/forest/for95.jpg,0
236,../MIT_split/train/tallbuilding/art1310.jpg,4
237,../MIT_split/train/inside_city/urb362.jpg,1
238,../MIT_split/train/coast/cdmc860.jpg,3
239,../MIT_split/train/coast/natu912.jpg,3
240,../MIT_split/train/street/hexp28.jpg,5
241,../MIT_split/train/Opencountry/land817.jpg,7
242,../MIT_split/train/tallbuilding/art1357.jpg,4
243,../MIT_split/train/tallbuilding/a808075.jpg,4
244,../MIT_split/train/Opencountry/land665.jpg,7
245,../MIT_split/train/Opencountry/land433.jpg,7
246,../MIT_split/train/highway/bost157.jpg,2
247,../MIT_split/train/tallbuilding/art15.jpg,4
248,../MIT_split/train/street/par158.jpg,5
249,../MIT_split/train/coast/natu981.jpg,3
250,../MIT_split/train/highway/bost403.jpg,2
251,../MIT_split/train/highway/urb681.jpg,2
252,../MIT_split/train/coast/n238045.jpg,3
253,../MIT_split/train/forest/for79.jpg,0
254,../MIT_split/train/coast/n347047.jpg,3
255,../MIT_split/train/forest/natu423.jpg,0
256,../MIT_split/train/forest/for153.jpg,0
257,../MIT_split/train/inside_city/gre197.jpg,1
258,../MIT_split/train/tallbuilding/art1616.jpg,4
259,../MIT_split/train/Opencountry/natu600.jpg,7
260,../MIT_split/train/street/par146.jpg,5
261,../MIT_split/train/inside_city/art661.jpg,1
262,../MIT_split/train/highway/art328.jpg,2
263,../MIT_split/train/coast/n291076.jpg,3
264,../MIT_split/train/Opencountry/tell67.jpg,7
265,../MIT_split/train/mountain/nat17.jpg,6
266,../MIT_split/train/mountain/ski24.jpg,6
267,../MIT_split/train/mountain/nat686.jpg,6
268,../MIT_split/train/Opencountry/natu380.jpg,7
269,../MIT_split/train/mountain/nat38.jpg,6
270,../MIT_split/train/street/art766.jpg,5
271,../MIT_split/train/inside_city/art1363.jpg,1
272,../MIT_split/train/tallbuilding/a487065.jpg,4
273,../MIT_split/train/street/art1199.jpg,5
274,../MIT_split/train/coast/nat1146.jpg,3
275,../MIT_split/train/mountain/moun27.jpg,6
276,../MIT_split/train/tallbuilding/art453.jpg,4
277,../MIT_split/train/mountain/natu697.jpg,6
278,../MIT_split/train/coast/cdmc977.jpg,3
279,../MIT_split/train/Opencountry/natu735.jpg,7
280,../MIT_split/train/Opencountry/land692.jpg,7
281,../MIT_split/train/coast/bea27.jpg,3
282,../MIT_split/train/Opencountry/land684.jpg,7
283,../MIT_split/train/forest/text13.jpg,0
284,../MIT_split/train/Opencountry/nat811.jpg,7
285,../MIT_split/train/coast/land902.jpg,3
286,../MIT_split/train/forest/nat619.jpg,0
287,../MIT_split/train/forest/nat360.jpg,0
288,../MIT_split/train/tallbuilding/art1012.jpg,4
289,../MIT_split/train/coast/nat293.jpg,3
290,../MIT_split/train/highway/gre479.jpg,2
291,../MIT_split/train/inside_city/urb701.jpg,1
292,../MIT_split/train/tallbuilding/a223039.jpg,4
293,../MIT_split/train/tallbuilding/a279032.jpg,4
294,../MIT_split/train/forest/art114.jpg,0
295,../MIT_split/train/inside_city/art892.jpg,1
296,../MIT_split/train/mountain/sharp41.jpg,6
297,../MIT_split/train/inside_city/hous126.jpg,1
298,../MIT_split/train/Opencountry/nat834.jpg,7
299,../MIT_split/train/inside_city/boston232.jpg,1
300,../MIT_split/train/tallbuilding/urb398.jpg,4
301,../MIT_split/train/forest/cdmc101.jpg,0
302,../MIT_split/train/mountain/n603007.jpg,6
303,../MIT_split/train/street/par72.jpg,5
304,../MIT_split/train/highway/gre504.jpg,2
305,../MIT_split/train/Opencountry/land348.jpg,7
306,../MIT_split/train/street/par119.jpg,5
307,../MIT_split/train/inside_city/urb584.jpg,1
308,../MIT_split/train/mountain/n213093.jpg,6
309,../MIT_split/train/highway/bost153.jpg,2
310,../MIT_split/train/highway/bost320.jpg,2
311,../MIT_split/train/street/street98.jpg,5
312,../MIT_split/train/Opencountry/nat654.jpg,7
313,../MIT_split/train/coast/nat1151.jpg,3
314,../MIT_split/train/forest/nat373.jpg,0
315,../MIT_split/train/coast/n243011.jpg,3
316,../MIT_split/train/coast/land368.jpg,3
317,../MIT_split/train/street/par112.jpg,5
318,../MIT_split/train/Opencountry/land443.jpg,7
319,../MIT_split/train/forest/natu322.jpg,0
320,../MIT_split/train/tallbuilding/archi28.jpg,4
321,../MIT_split/train/street/urb885.jpg,5
322,../MIT_split/train/coast/natu887.jpg,3
323,../MIT_split/train/tallbuilding/art1349.jpg,4
324,../MIT_split/train/street/hexp12.jpg,5
325,../MIT_split/train/inside_city/urb981.jpg,1
326,../MIT_split/train/coast/cdmc990.jpg,3
327,../MIT_split/train/highway/urb545.jpg,2
328,../MIT_split/train/mountain/n736029.jpg,6
329,../MIT_split/train/inside_city/urb970.jpg,1
330,../MIT_split/train/mountain/nat391.jpg,6
331,../MIT_split/train/inside_city/par139.jpg,1
332,../MIT_split/train/highway/gre525.jpg,2
333,../MIT_split/train/highway/bost336.jpg,2
334,../MIT_split/train/Opencountry/land351.jpg,7
335,../MIT_split/train/coast/cdmc1000.jpg,3
336,../MIT_split/train/forest/nat719.jpg,0
337,../MIT_split/train/Opencountry/natu529.jpg,7
338,../MIT_split/train/street/par74.jpg,5
339,../MIT_split/train/Opencountry/nat511.jpg,7
340,../MIT_split/train/forest/natu898.jpg,0
341,../MIT_split/train/inside_city/a129035.jpg,1
342,../MIT_split/train/mountain/land150.jpg,6
343,../MIT_split/train/tallbuilding/a562064.jpg,4
344,../MIT_split/train/street/art1686.jpg,5
345,../MIT_split/train/tallbuilding/a212055.jpg,4
346,../MIT_split/train/mountain/cdmc181.jpg,6
347,../MIT_split/train/tallbuilding/art424.jpg,4
348,../MIT_split/train/street/urb848.jpg,5
349,../MIT_split/train/coast/land367.jpg,3
350,../MIT_split/train/forest/cdmc281.jpg,0
351,../MIT_split/train/Opencountry/nat355.jpg,7
352,../MIT_split/train/tallbuilding/city10.jpg,4
353,../MIT_split/train/tallbuilding/a487066.jpg,4
354,../MIT_split/train/mountain/n405023.jpg,6
355,../MIT_split/train/Opencountry/nat802.jpg,7
356,../MIT_split/train/street/art798.jpg,5
357,../MIT_split/train/highway/art773.jpg,2
358,../MIT_split/train/coast/cdmc991.jpg,3
359,../MIT_split/train/coast/natu649.jpg,3
360,../MIT_split/train/coast/nat1150.jpg,3
361,../MIT_split/train/mountain/n295039.jpg,6
362,../MIT_split/train/highway/gre410.jpg,2
363,../MIT_split/train/forest/sclos13.jpg,0
364,../MIT_split/train/forest/cdmc344.jpg,0
365,../MIT_split/train/coast/natu824.jpg,3
366,../MIT_split/train/forest/for106.jpg,0
367,../MIT_split/train/mountain/n266017.jpg,6
368,../MIT_split/train/inside_city/gre511.jpg,1
369,../MIT_split/train/highway/bost293.jpg,2
370,../MIT_split/train/street/gre128.jpg,5
371,../MIT_split/train/street/gre186.jpg,5
372,../MIT_split/train/tallbuilding/art1350.jpg,4
373,../MIT_split/train/forest/land81.jpg,0
374,../MIT_split/train/highway/bost174.jpg,2
375,../MIT_split/train/coast/n291022.jpg,3
376,../MIT_split/train/Opencountry/nat1026.jpg,7
377,../MIT_split/train/tallbuilding/urban987.jpg,4
378,../MIT_split/train/Opencountry/fie50.jpg,7
379,../MIT_split/train/tallbuilding/art589.jpg,4
380,../MIT_split/train/forest/nat220.jpg,0
381,../MIT_split/train/highway/art890.jpg,2
382,../MIT_split/train/coast/nat743.jpg,3
383,../MIT_split/train/mountain/moun14.jpg,6
384,../MIT_split/train/coast/land374.jpg,3
385,../MIT_split/train/Opencountry/n251015.jpg,7
386,../MIT_split/train/tallbuilding/a487049.jpg,4
387,../MIT_split/train/street/bost121.jpg,5
388,../MIT_split/train/inside_city/a385073.jpg,1
389,../MIT_split/train/Opencountry/land285.jpg,7
390,../MIT_split/train/inside_city/hous120.jpg,1
391,../MIT_split/train/inside_city/boston247.jpg,1
392,../MIT_split/train/Opencountry/moun21.jpg,7
393,../MIT_split/train/Opencountry/moun17.jpg,7
394,../MIT_split/train/tallbuilding/urb390.jpg,4
395,../MIT_split/train/mountain/land18.jpg,6
396,../MIT_split/train/mountain/sharp22.jpg,6
397,../MIT_split/train/street/gre209.jpg,5
398,../MIT_split/train/street/urb382.jpg,5
399,../MIT_split/train/street/art1206.jpg,5
400,../MIT_split/train/street/urb837.jpg,5
401,../MIT_split/train/highway/land464.jpg,2
402,../MIT_split/train/mountain/n199075.jpg,6
403,../MIT_split/train/street/bost105.jpg,5
404,../MIT_split/train/inside_city/gre303.jpg,1
405,../MIT_split/train/tallbuilding/a372007.jpg,4
406,../MIT_split/train/Opencountry/land202.jpg,7
407,../MIT_split/train/mountain/natu783.jpg,6
408,../MIT_split/train/Opencountry/n291051.jpg,7
409,../MIT_split/train/coast/sun14.jpg,3
410,../MIT_split/train/tallbuilding/a244068.jpg,4
411,../MIT_split/train/inside_city/art104.jpg,1
412,../MIT_split/train/inside_city/a140032.jpg,1
413,../MIT_split/train/tallbuilding/a462050.jpg,4
414,../MIT_split/train/Opencountry/open37.jpg,7
415,../MIT_split/train/highway/gre474.jpg,2
416,../MIT_split/train/tallbuilding/art733.jpg,4
417,../MIT_split/train/street/art1688.jpg,5
418,../MIT_split/train/street/street47.jpg,5
419,../MIT_split/train/coast/n18001.jpg,3
420,../MIT_split/train/street/art838.jpg,5
421,../MIT_split/train/mountain/n737027.jpg,6
422,../MIT_split/train/Opencountry/nat502.jpg,7
423,../MIT_split/train/tallbuilding/urban1172.jpg,4
424,../MIT_split/train/tallbuilding/art457.jpg,4
425,../MIT_split/train/coast/natu399.jpg,3
426,../MIT_split/train/forest/text107.jpg,0
427,../MIT_split/train/highway/bost171.jpg,2
428,../MIT_split/train/mountain/nat1114.jpg,6
429,../MIT_split/train/Opencountry/nat1118.jpg,7
430,../MIT_split/train/street/gre600.jpg,5
431,../MIT_split/train/mountain/n841060.jpg,6
432,../MIT_split/train/forest/text75.jpg,0
433,../MIT_split/train/inside_city/gre304.jpg,1
434,../MIT_split/train/tallbuilding/urban780.jpg,4
435,../MIT_split/train/mountain/nat758.jpg,6
436,../MIT_split/train/coast/land897.jpg,3
437,../MIT_split/train/tallbuilding/art1028.jpg,4
438,../MIT_split/train/highway/gre685.jpg,2
439,../MIT_split/train/mountain/n199073.jpg,6
440,../MIT_split/train/tallbuilding/art572.jpg,4
441,../MIT_split/train/Opencountry/natu41.jpg,7
442,../MIT_split/train/Opencountry/natu413.jpg,7
443,../MIT_split/train/mountain/land6.jpg,6
444,../MIT_split/train/mountain/n213086.jpg,6
445,../MIT_split/train/inside_city/art1443.jpg,1
446,../MIT_split/train/Opencountry/natu183.jpg,7
447,../MIT_split/train/mountain/nat67.jpg,6
448,../MIT_split/train/inside_city/art646.jpg,1
449,../MIT_split/train/mountain/natu458.jpg,6
450,../MIT_split/train/Opencountry/land640.jpg,7
451,../MIT_split/train/street/par185.jpg,5
452,../MIT_split/train/Opencountry/n18053.jpg,7
453,../MIT_split/train/highway/gre37.jpg,2
454,../MIT_split/train/mountain/ski57.jpg,6
455,../MIT_split/train/street/city91.jpg,5
456,../MIT_split/train/street/art511.jpg,5
457,../MIT_split/train/mountain/nat1084.jpg,6
458,../MIT_split/train/Opencountry/n199000.jpg,7
459,../MIT_split/train/mountain/n632073.jpg,6
460,../MIT_split/train/Opencountry/land911.jpg,7
461,../MIT_split/train/coast/open60.jpg,3
462,../MIT_split/train/mountain/sharp59.jpg,6
463,../MIT_split/train/Opencountry/nat724.jpg,7
464,../MIT_split/train/highway/gre466.jpg,2
465,../MIT_split/train/coast/sun59.jpg,3
466,../MIT_split/train/tallbuilding/a212033.jpg,4
467,../MIT_split/train/mountain/natu756.jpg,6
468,../MIT_split/train/mountain/natu750.jpg,6
469,../MIT_split/train/mountain/nat43.jpg,6
470,../MIT_split/train/coast/n486055.jpg,3
471,../MIT_split/train/inside_city/hous114.jpg,1
472,../MIT_split/train/mountain/sharp11.jpg,6
473,../MIT_split/train/inside_city/a79054.jpg,1
474,../MIT_split/train/inside_city/a248045.jpg,1
475,../MIT_split/train/mountain/sharp52.jpg,6
476,../MIT_split/train/Opencountry/land918.jpg,7
477,../MIT_split/train/Opencountry/tell56.jpg,7
478,../MIT_split/train/Opencountry/land61.jpg,7
479,../MIT_split/train/coast/cdmc969.jpg,3
480,../MIT_split/train/Opencountry/land520.jpg,7
481,../MIT_split/train/forest/text47.jpg,0
482,../MIT_split/train/inside_city/a808091.jpg,1
483,../MIT_split/train/inside_city/gre94.jpg,1
484,../MIT_split/train/mountain/n44062.jpg,6
485,../MIT_split/train/inside_city/art165.jpg,1
486,../MIT_split/train/Opencountry/land220.jpg,7
487,../MIT_split/train/tallbuilding/urban989.jpg,4
488,../MIT_split/train/street/art976.jpg,5
489,../MIT_split/train/mountain/nat30.jpg,6
490,../MIT_split/train/inside_city/art735.jpg,1
491,../MIT_split/train/inside_city/urb972.jpg,1
492,../MIT_split/train/coast/bea4.jpg,3
493,../MIT_split/train/coast/natu923.jpg,3
494,../MIT_split/train/tallbuilding/city50.jpg,4
495,../MIT_split/train/tallbuilding/city15.jpg,4
496,../MIT_split/train/coast/cdmc960.jpg,3
497,../MIT_split/train/Opencountry/nat1002.jpg,7
498,../MIT_split/train/highway/bost402.jpg,2
499,../MIT_split/train/Opencountry/nat609.jpg,7
500,../MIT_split/train/coast/natu642.jpg,3
501,../MIT_split/train/forest/cdmc280.jpg,0
502,../MIT_split/train/Opencountry/n676095.jpg,7
503,../MIT_split/train/street/art970.jpg,5
504,../MIT_split/train/Opencountry/n291048.jpg,7
505,../MIT_split/train/highway/bost295.jpg,2
506,../MIT_split/train/Opencountry/natu136.jpg,7
507,../MIT_split/train/highway/art596.jpg,2
508,../MIT_split/train/street/boston339.jpg,5
509,../MIT_split/train/tallbuilding/a463068.jpg,4
510,../MIT_split/train/tallbuilding/art172.jpg,4
511,../MIT_split/train/street/urb589.jpg,5
512,../MIT_split/train/coast/land924.jpg,3
513,../MIT_split/train/street/hexp3.jpg,5
514,../MIT_split/train/Opencountry/land526.jpg,7
515,../MIT_split/train/street/par85.jpg,5
516,../MIT_split/train/Opencountry/nat733.jpg,7
517,../MIT_split/train/Opencountry/land694.jpg,7
518,../MIT_split/train/coast/nat905.jpg,3
519,../MIT_split/train/coast/bea2.jpg,3
520,../MIT_split/train/inside_city/art1366.jpg,1
521,../MIT_split/train/mountain/nat1234.jpg,6
522,../MIT_split/train/coast/art487.jpg,3
523,../MIT_split/train/street/gre214.jpg,5
524,../MIT_split/train/inside_city/urb354.jpg,1
525,../MIT_split/train/mountain/nat316.jpg,6
526,../MIT_split/train/mountain/sharp53.jpg,6
527,../MIT_split/train/Opencountry/nat780.jpg,7
528,../MIT_split/train/mountain/ski69.jpg,6
529,../MIT_split/train/street/par77.jpg,5
530,../MIT_split/train/coast/sun3.jpg,3
531,../MIT_split/train/street/par88.jpg,5
532,../MIT_split/train/coast/n291030.jpg,3
533,../MIT_split/train/Opencountry/land501.jpg,7
534,../MIT_split/train/Opencountry/natu552.jpg,7
535,../MIT_split/train/Opencountry/natu734.jpg,7
536,../MIT_split/train/tallbuilding/art315.jpg,4
537,../MIT_split/train/inside_city/hous60.jpg,1
538,../MIT_split/train/inside_city/par173.jpg,1
539,../MIT_split/train/Opencountry/urb969.jpg,7
540,../MIT_split/train/mountain/n213085.jpg,6
541,../MIT_split/train/street/boston289.jpg,5
542,../MIT_split/train/highway/bost374.jpg,2
543,../MIT_split/train/inside_city/art1651.jpg,1
544,../MIT_split/train/highway/bost180.jpg,2
545,../MIT_split/train/Opencountry/land60.jpg,7
546,../MIT_split/train/forest/nat263.jpg,0
547,../MIT_split/train/inside_city/boston92.jpg,1
548,../MIT_split/train/forest/nat281.jpg,0
549,../MIT_split/train/tallbuilding/sky30.jpg,4
550,../MIT_split/train/tallbuilding/art840.jpg,4
551,../MIT_split/train/mountain/land11.jpg,6
552,../MIT_split/train/coast/nat1091.jpg,3
553,../MIT_split/train/inside_city/a807066.jpg,1
554,../MIT_split/train/Opencountry/land42.jpg,7
555,../MIT_split/train/forest/land245.jpg,0
556,../MIT_split/train/tallbuilding/art435.jpg,4
557,../MIT_split/train/highway/land463.jpg,2
558,../MIT_split/train/forest/land376.jpg,0
559,../MIT_split/train/Opencountry/n213060.jpg,7
560,../MIT_split/train/forest/natu158.jpg,0
561,../MIT_split/train/street/boston353.jpg,5
562,../MIT_split/train/coast/nat167.jpg,3
563,../MIT_split/train/street/gre2.jpg,5
564,../MIT_split/train/mountain/natu568.jpg,6
565,../MIT_split/train/Opencountry/land388.jpg,7
566,../MIT_split/train/highway/bost296.jpg,2
567,../MIT_split/train/mountain/sharp98.jpg,6
568,../MIT_split/train/inside_city/art1117.jpg,1
569,../MIT_split/train/Opencountry/natu563.jpg,7
570,../MIT_split/train/Opencountry/fie20.jpg,7
571,../MIT_split/train/forest/nat1253.jpg,0
572,../MIT_split/train/mountain/land4.jpg,6
573,../MIT_split/train/forest/natu31.jpg,0
574,../MIT_split/train/tallbuilding/urban45.jpg,4
575,../MIT_split/train/forest/nat162.jpg,0
576,../MIT_split/train/highway/bost150.jpg,2
577,../MIT_split/train/forest/text43.jpg,0
578,../MIT_split/train/coast/nat1053.jpg,3
579,../MIT_split/train/tallbuilding/a487056.jpg,4
580,../MIT_split/train/forest/natu611.jpg,0
581,../MIT_split/train/coast/nat820.jpg,3
582,../MIT_split/train/forest/for63.jpg,0
583,../MIT_split/train/highway/a866041.jpg,2
584,../MIT_split/train/inside_city/hous83.jpg,1
585,../MIT_split/train/mountain/nat42.jpg,6
586,../MIT_split/train/mountain/land22.jpg,6
587,../MIT_split/train/inside_city/gre102.jpg,1
588,../MIT_split/train/Opencountry/land577.jpg,7
589,../MIT_split/train/forest/natu161.jpg,0
590,../MIT_split/train/street/par162.jpg,5
591,../MIT_split/train/forest/land243.jpg,0
592,../MIT_split/train/inside_city/art1604.jpg,1
593,../MIT_split/train/Opencountry/land557.jpg,7
594,../MIT_split/train/forest/for65.jpg,0
595,../MIT_split/train/Opencountry/land41.jpg,7
596,../MIT_split/train/mountain/natu102.jpg,6
597,../MIT_split/train/forest/land64.jpg,0
598,../MIT_split/train/mountain/land479.jpg,6
599,../MIT_split/train/street/street85.jpg,5
600,../MIT_split/train/Opencountry/nat446.jpg,7
601,../MIT_split/train/coast/arnat59.jpg,3
602,../MIT_split/train/mountain/nat51.jpg,6
603,../MIT_split/train/forest/cdmc284.jpg,0
604,../MIT_split/train/mountain/land197.jpg,6
605,../MIT_split/train/highway/bost176.jpg,2
606,../MIT_split/train/mountain/nat80.jpg,6
607,../MIT_split/train/highway/gre279.jpg,2
608,../MIT_split/train/tallbuilding/art1351.jpg,4
609,../MIT_split/train/street/street62.jpg,5
610,../MIT_split/train/highway/gre58.jpg,2
611,../MIT_split/train/tallbuilding/art1022.jpg,4
612,../MIT_split/train/mountain/land179.jpg,6
613,../MIT_split/train/coast/sun45.jpg,3
614,../MIT_split/train/street/boston79.jpg,5
615,../MIT_split/train/Opencountry/fie28.jpg,7
616,../MIT_split/train/highway/gre155.jpg,2
617,../MIT_split/train/mountain/moun10.jpg,6
618,../MIT_split/train/Opencountry/land606.jpg,7
619,../MIT_split/train/tallbuilding/art1316.jpg,4
620,../MIT_split/train/mountain/nat77.jpg,6
621,../MIT_split/train/street/par152.jpg,5
622,../MIT_split/train/highway/gre406.jpg,2
623,../MIT_split/train/mountain/nat54.jpg,6
624,../MIT_split/train/inside_city/art551.jpg,1
625,../MIT_split/train/mountain/n736023.jpg,6
626,../MIT_split/train/mountain/n737049.jpg,6
627,../MIT_split/train/forest/text44.jpg,0
628,../MIT_split/train/highway/gre400.jpg,2
629,../MIT_split/train/forest/nat1027.jpg,0
630,../MIT_split/train/forest/nat212.jpg,0
631,../MIT_split/train/Opencountry/natu843.jpg,7
632,../MIT_split/train/street/art761.jpg,5
633,../MIT_split/train/street/art793.jpg,5
634,../MIT_split/train/coast/sun21.jpg,3
635,../MIT_split/train/Opencountry/land823.jpg,7
636,../MIT_split/train/forest/for38.jpg,0
637,../MIT_split/train/mountain/n18022.jpg,6
638,../MIT_split/train/mountain/natu457.jpg,6
639,../MIT_split/train/forest/nat1184.jpg,0
640,../MIT_split/train/mountain/natu699.jpg,6
641,../MIT_split/train/inside_city/art827.jpg,1
642,../MIT_split/train/street/boston241.jpg,5
643,../MIT_split/train/highway/bost321.jpg,2
644,../MIT_split/train/forest/text49.jpg,0
645,../MIT_split/train/highway/bost291.jpg,2
646,../MIT_split/train/street/art869.jpg,5
647,../MIT_split/train/street/urb927.jpg,5
648,../MIT_split/train/highway/nat526.jpg,2
649,../MIT_split/train/mountain/sharp42.jpg,6
650,../MIT_split/train/tallbuilding/urb133.jpg,4
651,../MIT_split/train/street/art1187.jpg,5
652,../MIT_split/train/coast/bea38.jpg,3
653,../MIT_split/train/tallbuilding/urban732.jpg,4
654,../MIT_split/train/coast/natu798.jpg,3
655,../MIT_split/train/mountain/nat74.jpg,6
656,../MIT_split/train/highway/art1673.jpg,2
657,../MIT_split/train/inside_city/art673.jpg,1
658,../MIT_split/train/tallbuilding/art181.jpg,4
659,../MIT_split/train/tallbuilding/sky22.jpg,4
660,../MIT_split/train/Opencountry/fie5.jpg,7
661,../MIT_split/train/mountain/n219006.jpg,6
662,../MIT_split/train/inside_city/art920.jpg,1
663,../MIT_split/train/street/par123.jpg,5
664,../MIT_split/train/street/par64.jpg,5
665,../MIT_split/train/coast/n241020.jpg,3
666,../MIT_split/train/coast/n291061.jpg,3
667,../MIT_split/train/street/par22.jpg,5
668,../MIT_split/train/highway/art1682.jpg,2
669,../MIT_split/train/coast/natu468.jpg,3
670,../MIT_split/train/street/bost46.jpg,5
671,../MIT_split/train/tallbuilding/a244046.jpg,4
672,../MIT_split/train/coast/n203066.jpg,3
673,../MIT_split/train/tallbuilding/a808081.jpg,4
674,../MIT_split/train/mountain/n347051.jpg,6
675,../MIT_split/train/inside_city/hous79.jpg,1
676,../MIT_split/train/Opencountry/natu932.jpg,7
677,../MIT_split/train/street/par192.jpg,5
678,../MIT_split/train/Opencountry/natu557.jpg,7
679,../MIT_split/train/forest/cdmc12.jpg,0
680,../MIT_split/train/forest/natu723.jpg,0
681,../MIT_split/train/street/a232022.jpg,5
682,../MIT_split/train/coast/natu826.jpg,3
683,../MIT_split/train/street/urb798.jpg,5
684,../MIT_split/train/forest/for67.jpg,0
685,../MIT_split/train/highway/bost316.jpg,2
686,../MIT_split/train/coast/natu670.jpg,3
687,../MIT_split/train/Opencountry/n18077.jpg,7
688,../MIT_split/train/mountain/nat1142.jpg,6
689,../MIT_split/train/highway/bost165.jpg,2
690,../MIT_split/train/Opencountry/land355.jpg,7
691,../MIT_split/train/forest/for119.jpg,0
692,../MIT_split/train/forest/cdmc358.jpg,0
693,../MIT_split/train/Opencountry/land793.jpg,7
694,../MIT_split/train/street/par87.jpg,5
695,../MIT_split/train/street/art762.jpg,5
696,../MIT_split/train/mountain/land763.jpg,6
697,../MIT_split/train/coast/nat283.jpg,3
698,../MIT_split/train/tallbuilding/art899.jpg,4
699,../MIT_split/train/mountain/land465.jpg,6
700,../MIT_split/train/coast/n203032.jpg,3
701,../MIT_split/train/Opencountry/cdmc937.jpg,7
702,../MIT_split/train/tallbuilding/art1708.jpg,4
703,../MIT_split/train/street/art1328.jpg,5
704,../MIT_split/train/coast/land111.jpg,3
705,../MIT_split/train/highway/bost304.jpg,2
706,../MIT_split/train/tallbuilding/city65.jpg,4
707,../MIT_split/train/highway/gre275.jpg,2
708,../MIT_split/train/Opencountry/natu596.jpg,7
709,../MIT_split/train/mountain/sharp38.jpg,6
710,../MIT_split/train/inside_city/hous39.jpg,1
711,../MIT_split/train/Opencountry/land545.jpg,7
712,../MIT_split/train/forest/cdmc430.jpg,0
713,../MIT_split/train/coast/bea10.jpg,3
714,../MIT_split/train/street/par160.jpg,5
715,../MIT_split/train/mountain/land275.jpg,6
716,../MIT_split/train/inside_city/a48009.jpg,1
717,../MIT_split/train/forest/for85.jpg,0
718,../MIT_split/train/coast/cdmc989.jpg,3
719,../MIT_split/train/coast/nat1177.jpg,3
720,../MIT_split/train/coast/nat956.jpg,3
721,../MIT_split/train/forest/land219.jpg,0
722,../MIT_split/train/Opencountry/n291085.jpg,7
723,../MIT_split/train/highway/gre467.jpg,2
724,../MIT_split/train/highway/art558.jpg,2
725,../MIT_split/train/inside_city/urb267.jpg,1
726,../MIT_split/train/inside_city/hous87.jpg,1
727,../MIT_split/train/mountain/nat494.jpg,6
728,../MIT_split/train/forest/for28.jpg,0
729,../MIT_split/train/forest/cdmc359.jpg,0
730,../MIT_split/train/coast/bea26.jpg,3
731,../MIT_split/train/tallbuilding/a244040.jpg,4
732,../MIT_split/train/highway/gre480.jpg,2
733,../MIT_split/train/tallbuilding/city12.jpg,4
734,../MIT_split/train/coast/bea5.jpg,3
735,../MIT_split/train/mountain/sharp74.jpg,6
736,../MIT_split/train/tallbuilding/urban649.jpg,4
737,../MIT_split/train/coast/bea30.jpg,3
738,../MIT_split/train/Opencountry/n18003.jpg,7
739,../MIT_split/train/mountain/n371071.jpg,6
740,../MIT_split/train/highway/bost392.jpg,2
741,../MIT_split/train/Opencountry/nat457.jpg,7
742,../MIT_split/train/coast/cdmc940.jpg,3
743,../MIT_split/train/street/bost72.jpg,5
744,../MIT_split/train/inside_city/gre290.jpg,1
745,../MIT_split/train/coast/nat566.jpg,3
746,../MIT_split/train/Opencountry/land829.jpg,7
747,../MIT_split/train/inside_city/gre262.jpg,1
748,../MIT_split/train/inside_city/bost109.jpg,1
749,../MIT_split/train/Opencountry/land952.jpg,7
750,../MIT_split/train/Opencountry/land342.jpg,7
751,../MIT_split/train/forest/bost102.jpg,0
752,../MIT_split/train/street/urb830.jpg,5
753,../MIT_split/train/forest/nat204.jpg,0
754,../MIT_split/train/Opencountry/nat823.jpg,7
755,../MIT_split/train/highway/art1679.jpg,2
756,../MIT_split/train/tallbuilding/a487098.jpg,4
757,../MIT_split/train/mountain/n213094.jpg,6
758,../MIT_split/train/Opencountry/natu384.jpg,7
759,../MIT_split/train/coast/cdmc988.jpg,3
760,../MIT_split/train/highway/bost158.jpg,2
761,../MIT_split/train/coast/sun28.jpg,3
762,../MIT_split/train/Opencountry/land269.jpg,7
763,../MIT_split/train/highway/urb744.jpg,2
764,../MIT_split/train/inside_city/art787.jpg,1
765,../MIT_split/train/Opencountry/natu541.jpg,7
766,../MIT_split/train/Opencountry/land662.jpg,7
767,../MIT_split/train/forest/cdmc451.jpg,0
768,../MIT_split/train/forest/cdmc377.jpg,0
769,../MIT_split/train/street/gre114.jpg,5
770,../MIT_split/train/tallbuilding/art1756.jpg,4
771,../MIT_split/train/street/par177.jpg,5
772,../MIT_split/train/forest/text105.jpg,0
773,../MIT_split/train/Opencountry/land353.jpg,7
774,../MIT_split/train/tallbuilding/a806016.jpg,4
775,../MIT_split/train/inside_city/urb449.jpg,1
776,../MIT_split/train/coast/n295011.jpg,3
777,../MIT_split/train/Opencountry/land239.jpg,7
778,../MIT_split/train/mountain/sharp68.jpg,6
779,../MIT_split/train/tallbuilding/a248018.jpg,4
780,../MIT_split/train/coast/nat899.jpg,3
781,../MIT_split/train/tallbuilding/urban1015.jpg,4
782,../MIT_split/train/highway/gre491.jpg,2
783,../MIT_split/train/mountain/sharp19.jpg,6
784,../MIT_split/train/mountain/nat1008.jpg,6
785,../MIT_split/train/inside_city/urb738.jpg,1
786,../MIT_split/train/forest/cdmc368.jpg,0
787,../MIT_split/train/street/par28.jpg,5
788,../MIT_split/train/tallbuilding/a804050.jpg,4
789,../MIT_split/train/mountain/land778.jpg,6
790,../MIT_split/train/forest/text39.jpg,0
791,../MIT_split/train/highway/bost185.jpg,2
792,../MIT_split/train/coast/nat893.jpg,3
793,../MIT_split/train/tallbuilding/art1720.jpg,4
794,../MIT_split/train/street/gre295.jpg,5
795,../MIT_split/train/forest/cdmc277.jpg,0
796,../MIT_split/train/forest/natu325.jpg,0
797,../MIT_split/train/inside_city/art770.jpg,1
798,../MIT_split/train/mountain/land132.jpg,6
799,../MIT_split/train/inside_city/urb323.jpg,1
800,../MIT_split/train/mountain/sharp47.jpg,6
801,../MIT_split/train/mountain/sharp91.jpg,6
802,../MIT_split/train/tallbuilding/urb522.jpg,4
803,../MIT_split/train/highway/bost329.jpg,2
804,../MIT_split/train/inside_city/urb680.jpg,1
805,../MIT_split/train/tallbuilding/city5.jpg,4
806,../MIT_split/train/mountain/land471.jpg,6
807,../MIT_split/train/Opencountry/land549.jpg,7
808,../MIT_split/train/forest/land872.jpg,0
809,../MIT_split/train/forest/land849.jpg,0
810,../MIT_split/train/mountain/n18023.jpg,6
811,../MIT_split/train/tallbuilding/urban991.jpg,4
812,../MIT_split/train/Opencountry/cdmc354.jpg,7
813,../MIT_split/train/Opencountry/land651.jpg,7
814,../MIT_split/train/highway/n480023.jpg,2
815,../MIT_split/train/forest/nat209.jpg,0
816,../MIT_split/train/tallbuilding/urban1152.jpg,4
817,../MIT_split/train/highway/bost322.jpg,2
818,../MIT_split/train/tallbuilding/bost341.jpg,4
819,../MIT_split/train/mountain/n531080.jpg,6
820,../MIT_split/train/coast/cdmc955.jpg,3
821,../MIT_split/train/coast/nat745.jpg,3
822,../MIT_split/train/street/gre95.jpg,5
823,../MIT_split/train/coast/natu938.jpg,3
824,../MIT_split/train/highway/urb710.jpg,2
825,../MIT_split/train/mountain/sharp46.jpg,6
826,../MIT_split/train/tallbuilding/art1732.jpg,4
827,../MIT_split/train/mountain/moun37.jpg,6
828,../MIT_split/train/forest/nat1128.jpg,0
829,../MIT_split/train/forest/for84.jpg,0
830,../MIT_split/train/inside_city/hous22.jpg,1
831,../MIT_split/train/mountain/land143.jpg,6
832,../MIT_split/train/forest/text26.jpg,0
833,../MIT_split/train/forest/for25.jpg,0
834,../MIT_split/train/highway/bost182.jpg,2
835,../MIT_split/train/highway/urb720.jpg,2
836,../MIT_split/train/street/urb661.jpg,5
837,../MIT_split/train/forest/natu870.jpg,0
838,../MIT_split/train/inside_city/art795.jpg,1
839,../MIT_split/train/coast/nat288.jpg,3
840,../MIT_split/train/tallbuilding/art1617.jpg,4
841,../MIT_split/train/Opencountry/natu69.jpg,7
842,../MIT_split/train/tallbuilding/urban1056.jpg,4
843,../MIT_split/train/highway/gre141.jpg,2
844,../MIT_split/train/mountain/land318.jpg,6
845,../MIT_split/train/inside_city/art656.jpg,1
846,../MIT_split/train/forest/natu170.jpg,0
847,../MIT_split/train/mountain/sharp5.jpg,6
848,../MIT_split/train/mountain/land387.jpg,6
849,../MIT_split/train/inside_city/art1496.jpg,1
850,../MIT_split/train/Opencountry/land345.jpg,7
851,../MIT_split/train/highway/n480020.jpg,2
852,../MIT_split/train/tallbuilding/art392.jpg,4
853,../MIT_split/train/coast/nat900.jpg,3
854,../MIT_split/train/coast/bea14.jpg,3
855,../MIT_split/train/coast/n384038.jpg,3
856,../MIT_split/train/street/urb304.jpg,5
857,../MIT_split/train/inside_city/boston80.jpg,1
858,../MIT_split/train/highway/gre403.jpg,2
859,../MIT_split/train/coast/nat810.jpg,3
860,../MIT_split/train/mountain/nat29.jpg,6
861,../MIT_split/train/highway/urb715.jpg,2
862,../MIT_split/train/coast/sun16.jpg,3
863,../MIT_split/train/forest/nat260.jpg,0
864,../MIT_split/train/highway/gre644.jpg,2
865,../MIT_split/train/street/hexp30.jpg,5
866,../MIT_split/train/forest/text28.jpg,0
867,../MIT_split/train/mountain/nat1062.jpg,6
868,../MIT_split/train/coast/n446013.jpg,3
869,../MIT_split/train/Opencountry/n18054.jpg,7
870,../MIT_split/train/forest/bost101.jpg,0
871,../MIT_split/train/Opencountry/nat164.jpg,7
872,../MIT_split/train/mountain/n18021.jpg,6
873,../MIT_split/train/highway/gre683.jpg,2
874,../MIT_split/train/inside_city/a805046.jpg,1
875,../MIT_split/train/mountain/nat53.jpg,6
876,../MIT_split/train/coast/n291024.jpg,3
877,../MIT_split/train/coast/nat1065.jpg,3
878,../MIT_split/train/inside_city/art1110.jpg,1
879,../MIT_split/train/inside_city/par186.jpg,1
880,../MIT_split/train/coast/n424023.jpg,3
881,../MIT_split/train/mountain/n295018.jpg,6
882,../MIT_split/train/inside_city/urb656.jpg,1
883,../MIT_split/train/forest/for102.jpg,0
884,../MIT_split/train/tallbuilding/art1624.jpg,4
885,../MIT_split/train/mountain/n199015.jpg,6
886,../MIT_split/train/coast/sun32.jpg,3
887,../MIT_split/train/highway/nat543.jpg,2
888,../MIT_split/train/coast/n286045.jpg,3
889,../MIT_split/train/coast/bea3.jpg,3
890,../MIT_split/train/tallbuilding/archi296.jpg,4
891,../MIT_split/train/coast/cdmc871.jpg,3
892,../MIT_split/train/highway/gre481.jpg,2
893,../MIT_split/train/tallbuilding/art1481.jpg,4
894,../MIT_split/train/street/gre76.jpg,5
895,../MIT_split/train/tallbuilding/a805096.jpg,4
896,../MIT_split/train/highway/gre662.jpg,2
897,../MIT_split/train/tallbuilding/a462025.jpg,4
898,../MIT_split/train/street/art549.jpg,5
899,../MIT_split/train/Opencountry/natu559.jpg,7
900,../MIT_split/train/Opencountry/open35.jpg,7
901,../MIT_split/train/tallbuilding/urban4.jpg,4
902,../MIT_split/train/coast/natu643.jpg,3
903,../MIT_split/train/forest/nat211.jpg,0
904,../MIT_split/train/tallbuilding/urb988.jpg,4
905,../MIT_split/train/tallbuilding/a487041.jpg,4
906,../MIT_split/train/tallbuilding/a487069.jpg,4
907,../MIT_split/train/Opencountry/natu546.jpg,7
908,../MIT_split/train/coast/nat707.jpg,3
909,../MIT_split/train/mountain/n603040.jpg,6
910,../MIT_split/train/Opencountry/fie48.jpg,7
911,../MIT_split/train/coast/sun27.jpg,3
912,../MIT_split/train/inside_city/bost79.jpg,1
913,../MIT_split/train/street/boston235.jpg,5
914,../MIT_split/train/street/par59.jpg,5
915,../MIT_split/train/coast/land309.jpg,3
916,../MIT_split/train/tallbuilding/urban1028.jpg,4
917,../MIT_split/train/street/urb983.jpg,5
918,../MIT_split/train/forest/land107.jpg,0
919,../MIT_split/train/mountain/nat37.jpg,6
920,../MIT_split/train/tallbuilding/urb974.jpg,4
921,../MIT_split/train/Opencountry/natu594.jpg,7
922,../MIT_split/train/coast/nat1112.jpg,3
923,../MIT_split/train/Opencountry/land663.jpg,7
924,../MIT_split/train/tallbuilding/sky13.jpg,4
925,../MIT_split/train/mountain/sharp66.jpg,6
926,../MIT_split/train/Opencountry/n291056.jpg,7
927,../MIT_split/train/inside_city/urb114.jpg,1
928,../MIT_split/train/mountain/moun38.jpg,6
929,../MIT_split/train/Opencountry/land550.jpg,7
930,../MIT_split/train/highway/bost310.jpg,2
931,../MIT_split/train/tallbuilding/urb899.jpg,4
932,../MIT_split/train/highway/art255.jpg,2
933,../MIT_split/train/mountain/moun41.jpg,6
934,../MIT_split/train/mountain/nat78.jpg,6
935,../MIT_split/train/Opencountry/land565.jpg,7
936,../MIT_split/train/inside_city/par128.jpg,1
937,../MIT_split/train/coast/land334.jpg,3
938,../MIT_split/train/Opencountry/n347020.jpg,7
939,../MIT_split/train/tallbuilding/urb907.jpg,4
940,../MIT_split/train/Opencountry/cdmc712.jpg,7
941,../MIT_split/train/forest/for146.jpg,0
942,../MIT_split/train/forest/natc52.jpg,0
943,../MIT_split/train/coast/nat1265.jpg,3
944,../MIT_split/train/highway/gre538.jpg,2
945,../MIT_split/train/tallbuilding/city32.jpg,4
946,../MIT_split/train/highway/gre125.jpg,2
947,../MIT_split/train/mountain/nat73.jpg,6
948,../MIT_split/train/coast/natu130.jpg,3
949,../MIT_split/train/tallbuilding/sky10.jpg,4
950,../MIT_split/train/tallbuilding/sky34.jpg,4
951,../MIT_split/train/mountain/sharp43.jpg,6
952,../MIT_split/train/highway/urb714.jpg,2
953,../MIT_split/train/tallbuilding/urban1150.jpg,4
954,../MIT_split/train/street/par116.jpg,5
955,../MIT_split/train/mountain/nat346.jpg,6
956,../MIT_split/train/Opencountry/nat1263.jpg,7
957,../MIT_split/train/mountain/land331.jpg,6
958,../MIT_split/train/coast/cdmc953.jpg,3
959,../MIT_split/train/highway/land409.jpg,2
960,../MIT_split/train/street/a205062.jpg,5
961,../MIT_split/train/highway/bost181.jpg,2
962,../MIT_split/train/mountain/land278.jpg,6
963,../MIT_split/train/mountain/n480098.jpg,6
964,../MIT_split/train/inside_city/hous68.jpg,1
965,../MIT_split/train/inside_city/urb801.jpg,1
966,../MIT_split/train/coast/bea9.jpg,3
967,../MIT_split/train/coast/cdmc821.jpg,3
968,../MIT_split/train/tallbuilding/a279033.jpg,4
969,../MIT_split/train/inside_city/a385019.jpg,1
970,../MIT_split/train/forest/natu2.jpg,0
971,../MIT_split/train/tallbuilding/art1750.jpg,4
972,../MIT_split/train/mountain/nat36.jpg,6
973,../MIT_split/train/Opencountry/n490070.jpg,7
974,../MIT_split/train/coast/n672003.jpg,3
975,../MIT_split/train/coast/land623.jpg,3
976,../MIT_split/train/tallbuilding/a526065.jpg,4
977,../MIT_split/train/street/par156.jpg,5
978,../MIT_split/train/mountain/n344059.jpg,6
979,../MIT_split/train/tallbuilding/a212044.jpg,4
980,../MIT_split/train/inside_city/bost42.jpg,1
981,../MIT_split/train/inside_city/hous19.jpg,1
982,../MIT_split/train/forest/for142.jpg,0
983,../MIT_split/train/inside_city/urb123.jpg,1
984,../MIT_split/train/Opencountry/land693.jpg,7
985,../MIT_split/train/Opencountry/nat955.jpg,7
986,../MIT_split/train/coast/open62.jpg,3
987,../MIT_split/train/highway/nat518.jpg,2
988,../MIT_split/train/tallbuilding/a487062.jpg,4
989,../MIT_split/train/Opencountry/land206.jpg,7
990,../MIT_split/train/Opencountry/moun8.jpg,7
991,../MIT_split/train/tallbuilding/a487045.jpg,4
992,../MIT_split/train/tallbuilding/urb992.jpg,4
993,../MIT_split/train/Opencountry/natu92.jpg,7
994,../MIT_split/train/coast/n243030.jpg,3
995,../MIT_split/train/coast/nat1175.jpg,3
996,../MIT_split/train/tallbuilding/a244043.jpg,4
997,../MIT_split/train/forest/cdmc290.jpg,0
998,../MIT_split/train/forest/nat147.jpg,0
999,../MIT_split/train/coast/open13.jpg,3
1000,../MIT_split/train/mountain/moun32.jpg,6
1001,../MIT_split/train/inside_city/hous50.jpg,1
1002,../MIT_split/train/inside_city/art1231.jpg,1
1003,../MIT_split/train/coast/nat639.jpg,3
1004,../MIT_split/train/coast/natu408.jpg,3
1005,../MIT_split/train/highway/bost398.jpg,2
1006,../MIT_split/train/Opencountry/nat582.jpg,7
1007,../MIT_split/train/inside_city/a385075.jpg,1
1008,../MIT_split/train/highway/bost156.jpg,2
1009,../MIT_split/train/Opencountry/sopen10.jpg,7
1010,../MIT_split/train/inside_city/art819.jpg,1
1011,../MIT_split/train/coast/cdmc825.jpg,3
1012,../MIT_split/train/inside_city/hous40.jpg,1
1013,../MIT_split/train/coast/sun22.jpg,3
1014,../MIT_split/train/tallbuilding/urb153.jpg,4
1015,../MIT_split/train/highway/n480045.jpg,2
1016,../MIT_split/train/forest/text106.jpg,0
1017,../MIT_split/train/tallbuilding/archi71.jpg,4
1018,../MIT_split/train/mountain/n344076.jpg,6
1019,../MIT_split/train/forest/natc37.jpg,0
1020,../MIT_split/train/coast/nat768.jpg,3
1021,../MIT_split/train/inside_city/par194.jpg,1
1022,../MIT_split/train/inside_city/a463092.jpg,1
1023,../MIT_split/train/tallbuilding/art1011.jpg,4
1024,../MIT_split/train/coast/nat739.jpg,3
1025,../MIT_split/train/forest/cdmc338.jpg,0
1026,../MIT_split/train/coast/land954.jpg,3
1027,../MIT_split/train/street/par36.jpg,5
1028,../MIT_split/train/coast/nat1043.jpg,3
1029,../MIT_split/train/tallbuilding/city24.jpg,4
1030,../MIT_split/train/mountain/nat88.jpg,6
1031,../MIT_split/train/coast/land113.jpg,3
1032,../MIT_split/train/street/par100.jpg,5
1033,../MIT_split/train/Opencountry/natu32.jpg,7
1034,../MIT_split/train/tallbuilding/art528.jpg,4
1035,../MIT_split/train/mountain/land475.jpg,6
1036,../MIT_split/train/coast/natu641.jpg,3
1037,../MIT_split/train/Opencountry/land505.jpg,7
1038,../MIT_split/train/street/par3.jpg,5
1039,../MIT_split/train/forest/natu871.jpg,0
1040,../MIT_split/train/tallbuilding/a808015.jpg,4
1041,../MIT_split/train/forest/for127.jpg,0
1042,../MIT_split/train/Opencountry/nat718.jpg,7
1043,../MIT_split/train/Opencountry/natu864.jpg,7
1044,../MIT_split/train/highway/gre415.jpg,2
1045,../MIT_split/train/mountain/n18071.jpg,6
1046,../MIT_split/train/forest/natu977.jpg,0
1047,../MIT_split/train/Opencountry/natu841.jpg,7
1048,../MIT_split/train/highway/bost397.jpg,2
1049,../MIT_split/train/inside_city/a212024.jpg,1
1050,../MIT_split/train/mountain/sclos4.jpg,6
1051,../MIT_split/train/inside_city/art1633.jpg,1
1052,../MIT_split/train/inside_city/art871.jpg,1
1053,../MIT_split/train/highway/gre149.jpg,2
1054,../MIT_split/train/inside_city/urb279.jpg,1
1055,../MIT_split/train/forest/land377.jpg,0
1056,../MIT_split/train/coast/nat866.jpg,3
1057,../MIT_split/train/mountain/land201.jpg,6
1058,../MIT_split/train/inside_city/urb308.jpg,1
1059,../MIT_split/train/tallbuilding/art523.jpg,4
1060,../MIT_split/train/inside_city/urb515.jpg,1
1061,../MIT_split/train/Opencountry/sclos30.jpg,7
1062,../MIT_split/train/Opencountry/natu307.jpg,7
1063,../MIT_split/train/coast/sun56.jpg,3
1064,../MIT_split/train/highway/gre50.jpg,2
1065,../MIT_split/train/coast/land339.jpg,3
1066,../MIT_split/train/Opencountry/n266024.jpg,7
1067,../MIT_split/train/inside_city/boston29.jpg,1
1068,../MIT_split/train/tallbuilding/urban1210.jpg,4
1069,../MIT_split/train/street/boston345.jpg,5
1070,../MIT_split/train/highway/gre476.jpg,2
1071,../MIT_split/train/tallbuilding/art1387.jpg,4
1072,../MIT_split/train/mountain/sharp18.jpg,6
1073,../MIT_split/train/highway/art238.jpg,2
1074,../MIT_split/train/inside_city/art545.jpg,1
1075,../MIT_split/train/forest/for32.jpg,0
1076,../MIT_split/train/inside_city/boston361.jpg,1
1077,../MIT_split/train/highway/gre239.jpg,2
1078,../MIT_split/train/forest/natu425.jpg,0
1079,../MIT_split/train/Opencountry/nat1122.jpg,7
1080,../MIT_split/train/inside_city/hous93.jpg,1
1081,../MIT_split/train/Opencountry/moun36.jpg,7
1082,../MIT_split/train/tallbuilding/urb923.jpg,4
1083,../MIT_split/train/tallbuilding/art221.jpg,4
1084,../MIT_split/train/forest/for17.jpg,0
1085,../MIT_split/train/street/street22.jpg,5
1086,../MIT_split/train/Opencountry/nat1105.jpg,7
1087,../MIT_split/train/tallbuilding/urban166.jpg,4
1088,../MIT_split/train/inside_city/hous77.jpg,1
1089,../MIT_split/train/forest/cdmc313.jpg,0
1090,../MIT_split/train/coast/nat895.jpg,3
1091,../MIT_split/train/coast/n735016.jpg,3
1092,../MIT_split/train/Opencountry/land690.jpg,7
1093,../MIT_split/train/forest/land810.jpg,0
1094,../MIT_split/train/inside_city/art1167.jpg,1
1095,../MIT_split/train/forest/for52.jpg,0
1096,../MIT_split/train/Opencountry/natu51.jpg,7
1097,../MIT_split/train/tallbuilding/archi628.jpg,4
1098,../MIT_split/train/inside_city/urb307.jpg,1
1099,../MIT_split/train/Opencountry/nat874.jpg,7
1100,../MIT_split/train/Opencountry/natu503.jpg,7
1101,../MIT_split/train/street/par197.jpg,5
1102,../MIT_split/train/inside_city/art1102.jpg,1
1103,../MIT_split/train/highway/bost167.jpg,2
1104,../MIT_split/train/coast/cdmc878.jpg,3
1105,../MIT_split/train/mountain/land153.jpg,6
1106,../MIT_split/train/mountain/nat25.jpg,6
1107,../MIT_split/train/mountain/nat426.jpg,6
1108,../MIT_split/train/mountain/nat340.jpg,6
1109,../MIT_split/train/forest/land873.jpg,0
1110,../MIT_split/train/highway/natu778.jpg,2
1111,../MIT_split/train/street/par134.jpg,5
1112,../MIT_split/train/tallbuilding/art525.jpg,4
1113,../MIT_split/train/Opencountry/n18080.jpg,7
1114,../MIT_split/train/Opencountry/land507.jpg,7
1115,../MIT_split/train/Opencountry/land494.jpg,7
1116,../MIT_split/train/coast/n203004.jpg,3
1117,../MIT_split/train/coast/n295068.jpg,3
1118,../MIT_split/train/highway/art874.jpg,2
1119,../MIT_split/train/highway/bost314.jpg,2
1120,../MIT_split/train/Opencountry/fie33.jpg,7
1121,../MIT_split/train/tallbuilding/art183.jpg,4
1122,../MIT_split/train/highway/bost290.jpg,2
1123,../MIT_split/train/forest/natu396.jpg,0
1124,../MIT_split/train/tallbuilding/urban1124.jpg,4
1125,../MIT_split/train/forest/for105.jpg,0
1126,../MIT_split/train/forest/nat798.jpg,0
1127,../MIT_split/train/inside_city/art1269.jpg,1
1128,../MIT_split/train/Opencountry/natu179.jpg,7
1129,../MIT_split/train/street/par84.jpg,5
1130,../MIT_split/train/street/boston396.jpg,5
1131,../MIT_split/train/inside_city/gre19.jpg,1
1132,../MIT_split/train/street/bost76.jpg,5
1133,../MIT_split/train/highway/bost308.jpg,2
1134,../MIT_split/train/inside_city/art50.jpg,1
1135,../MIT_split/train/coast/n708004.jpg,3
1136,../MIT_split/train/forest/land335.jpg,0
1137,../MIT_split/train/Opencountry/land964.jpg,7
1138,../MIT_split/train/coast/cdmc976.jpg,3
1139,../MIT_split/train/street/art1041.jpg,5
1140,../MIT_split/train/forest/text48.jpg,0
1141,../MIT_split/train/mountain/n295082.jpg,6
1142,../MIT_split/train/Opencountry/art582.jpg,7
1143,../MIT_split/train/coast/natu822.jpg,3
1144,../MIT_split/train/street/urban997.jpg,5
1145,../MIT_split/train/street/hexp22.jpg,5
1146,../MIT_split/train/highway/bost305.jpg,2
1147,../MIT_split/train/tallbuilding/art854.jpg,4
1148,../MIT_split/train/inside_city/art659.jpg,1
1149,../MIT_split/train/street/par81.jpg,5
1150,../MIT_split/train/Opencountry/n18041.jpg,7
1151,../MIT_split/train/mountain/n841058.jpg,6
1152,../MIT_split/train/Opencountry/n676082.jpg,7
1153,../MIT_split/train/tallbuilding/art1618.jpg,4
1154,../MIT_split/train/street/boston272.jpg,5
1155,../MIT_split/train/street/gre11.jpg,5
1156,../MIT_split/train/tallbuilding/a212026.jpg,4
1157,../MIT_split/train/inside_city/gre270.jpg,1
1158,../MIT_split/train/Opencountry/cdmc713.jpg,7
1159,../MIT_split/train/tallbuilding/urban1009.jpg,4
1160,../MIT_split/train/inside_city/a683031.jpg,1
1161,../MIT_split/train/inside_city/hous52.jpg,1
1162,../MIT_split/train/Opencountry/natu790.jpg,7
1163,../MIT_split/train/mountain/land131.jpg,6
1164,../MIT_split/train/tallbuilding/archi611.jpg,4
1165,../MIT_split/train/Opencountry/land299.jpg,7
1166,../MIT_split/train/coast/n384092.jpg,3
1167,../MIT_split/train/highway/gre409.jpg,2
1168,../MIT_split/train/mountain/n213097.jpg,6
1169,../MIT_split/train/tallbuilding/art56.jpg,4
1170,../MIT_split/train/forest/nat266.jpg,0
1171,../MIT_split/train/street/boston378.jpg,5
1172,../MIT_split/train/Opencountry/n291058.jpg,7
1173,../MIT_split/train/mountain/nat1135.jpg,6
1174,../MIT_split/train/forest/nat338.jpg,0
1175,../MIT_split/train/forest/nat1097.jpg,0
1176,../MIT_split/train/mountain/nat14.jpg,6
1177,../MIT_split/train/tallbuilding/urb911.jpg,4
1178,../MIT_split/train/street/art862.jpg,5
1179,../MIT_split/train/highway/bost166.jpg,2
1180,../MIT_split/train/highway/bost183.jpg,2
1181,../MIT_split/train/coast/n672034.jpg,3
1182,../MIT_split/train/forest/text124.jpg,0
1183,../MIT_split/train/inside_city/urban1068.jpg,1
1184,../MIT_split/train/tallbuilding/art1483.jpg,4
1185,../MIT_split/train/street/par12.jpg,5
1186,../MIT_split/train/tallbuilding/a244030.jpg,4
1187,../MIT_split/train/inside_city/a463024.jpg,1
1188,../MIT_split/train/Opencountry/natu921.jpg,7
1189,../MIT_split/train/forest/natu361.jpg,0
1190,../MIT_split/train/coast/cdmc862.jpg,3
1191,../MIT_split/train/mountain/sharp78.jpg,6
1192,../MIT_split/train/coast/nat711.jpg,3
1193,../MIT_split/train/Opencountry/land947.jpg,7
1194,../MIT_split/train/highway/gre413.jpg,2
1195,../MIT_split/train/Opencountry/natu55.jpg,7
1196,../MIT_split/train/tallbuilding/art1027.jpg,4
1197,../MIT_split/train/highway/gre645.jpg,2
1198,../MIT_split/train/street/art757.jpg,5
1199,../MIT_split/train/Opencountry/land604.jpg,7
1200,../MIT_split/train/mountain/sharp73.jpg,6
1201,../MIT_split/train/forest/nat417.jpg,0
1202,../MIT_split/train/inside_city/gre98.jpg,1
1203,../MIT_split/train/street/par16.jpg,5
1204,../MIT_split/train/highway/bost149.jpg,2
1205,../MIT_split/train/coast/nat194.jpg,3
1206,../MIT_split/train/forest/nat223.jpg,0
1207,../MIT_split/train/highway/nat542.jpg,2
1208,../MIT_split/train/mountain/moun13.jpg,6
1209,../MIT_split/train/street/par102.jpg,5
1210,../MIT_split/train/Opencountry/des16.jpg,7
1211,../MIT_split/train/forest/text63.jpg,0
1212,../MIT_split/train/Opencountry/fie7.jpg,7
1213,../MIT_split/train/highway/bost179.jpg,2
1214,../MIT_split/train/highway/bost168.jpg,2
1215,../MIT_split/train/inside_city/hous18.jpg,1
1216,../MIT_split/train/street/enc15.jpg,5
1217,../MIT_split/train/mountain/n266020.jpg,6
1218,../MIT_split/train/Opencountry/n371057.jpg,7
1219,../MIT_split/train/forest/for116.jpg,0
1220,../MIT_split/train/tallbuilding/city22.jpg,4
1221,../MIT_split/train/highway/bost335.jpg,2
1222,../MIT_split/train/street/par97.jpg,5
1223,../MIT_split/train/forest/nat867.jpg,0
1224,../MIT_split/train/inside_city/urb130.jpg,1
1225,../MIT_split/train/forest/bost100.jpg,0
1226,../MIT_split/train/Opencountry/nat932.jpg,7
1227,../MIT_split/train/mountain/n219007.jpg,6
1228,../MIT_split/train/tallbuilding/city38.jpg,4
1229,../MIT_split/train/coast/cdmc850.jpg,3
1230,../MIT_split/train/Opencountry/land652.jpg,7
1231,../MIT_split/train/inside_city/art637.jpg,1
1232,../MIT_split/train/forest/cdmc348.jpg,0
1233,../MIT_split/train/Opencountry/land731.jpg,7
1234,../MIT_split/train/mountain/n213031.jpg,6
1235,../MIT_split/train/mountain/n344047.jpg,6
1236,../MIT_split/train/street/bost65.jpg,5
1237,../MIT_split/train/forest/cdmc385.jpg,0
1238,../MIT_split/train/mountain/n736011.jpg,6
1239,../MIT_split/train/Opencountry/land639.jpg,7
1240,../MIT_split/train/coast/osun52.jpg,3
1241,../MIT_split/train/street/par94.jpg,5
1242,../MIT_split/train/mountain/n44002.jpg,6
1243,../MIT_split/train/street/par79.jpg,5
1244,../MIT_split/train/Opencountry/open11.jpg,7
1245,../MIT_split/train/forest/cdmc562.jpg,0
1246,../MIT_split/train/inside_city/hous36.jpg,1
1247,../MIT_split/train/tallbuilding/a487092.jpg,4
1248,../MIT_split/train/coast/cdmc922.jpg,3
1249,../MIT_split/train/coast/osun51.jpg,3
1250,../MIT_split/train/Opencountry/land238.jpg,7
1251,../MIT_split/train/highway/urb743.jpg,2
1252,../MIT_split/train/Opencountry/land732.jpg,7
1253,../MIT_split/train/highway/art254.jpg,2
1254,../MIT_split/train/tallbuilding/art1390.jpg,4
1255,../MIT_split/train/coast/natu667.jpg,3
1256,../MIT_split/train/tallbuilding/art1748.jpg,4
1257,../MIT_split/train/street/bost60.jpg,5
1258,../MIT_split/train/street/par83.jpg,5
1259,../MIT_split/train/inside_city/hous64.jpg,1
1260,../MIT_split/train/coast/nat491.jpg,3
1261,../MIT_split/train/tallbuilding/a812069.jpg,4
1262,../MIT_split/train/Opencountry/natu45.jpg,7
1263,../MIT_split/train/mountain/land161.jpg,6
1264,../MIT_split/train/inside_city/art1597.jpg,1
1265,../MIT_split/train/mountain/n344028.jpg,6
1266,../MIT_split/train/coast/nat890.jpg,3
1267,../MIT_split/train/street/city42.jpg,5
1268,../MIT_split/train/highway/gre493.jpg,2
1269,../MIT_split/train/Opencountry/land87.jpg,7
1270,../MIT_split/train/inside_city/urb108.jpg,1
1271,../MIT_split/train/coast/nat602.jpg,3
1272,../MIT_split/train/forest/land922.jpg,0
1273,../MIT_split/train/tallbuilding/urban1057.jpg,4
1274,../MIT_split/train/Opencountry/natu856.jpg,7
1275,../MIT_split/train/Opencountry/land218.jpg,7
1276,../MIT_split/train/street/gre219.jpg,5
1277,../MIT_split/train/mountain/land27.jpg,6
1278,../MIT_split/train/coast/nat907.jpg,3
1279,../MIT_split/train/Opencountry/land661.jpg,7
1280,../MIT_split/train/inside_city/art1125.jpg,1
1281,../MIT_split/train/coast/nat1208.jpg,3
1282,../MIT_split/train/mountain/land716.jpg,6
1283,../MIT_split/train/Opencountry/land298.jpg,7
1284,../MIT_split/train/highway/bost292.jpg,2
1285,../MIT_split/train/coast/nat172.jpg,3
1286,../MIT_split/train/forest/nat1131.jpg,0
1287,../MIT_split/train/coast/natu901.jpg,3
1288,../MIT_split/train/forest/natu850.jpg,0
1289,../MIT_split/train/mountain/n344053.jpg,6
1290,../MIT_split/train/street/boston19.jpg,5
1291,../MIT_split/train/inside_city/art644.jpg,1
1292,../MIT_split/train/street/bost77.jpg,5
1293,../MIT_split/train/coast/nat755.jpg,3
1294,../MIT_split/train/forest/text90.jpg,0
1295,../MIT_split/train/coast/natu666.jpg,3
1296,../MIT_split/train/coast/land258.jpg,3
1297,../MIT_split/train/tallbuilding/art218.jpg,4
1298,../MIT_split/train/Opencountry/nat618.jpg,7
1299,../MIT_split/train/highway/bost164.jpg,2
1300,../MIT_split/train/coast/cdmc942.jpg,3
1301,../MIT_split/train/street/artc27.jpg,5
1302,../MIT_split/train/inside_city/urb464.jpg,1
1303,../MIT_split/train/Opencountry/natu852.jpg,7
1304,../MIT_split/train/mountain/nat891.jpg,6
1305,../MIT_split/train/tallbuilding/urban1064.jpg,4
1306,../MIT_split/train/inside_city/a855084.jpg,1
1307,../MIT_split/train/forest/nat697.jpg,0
1308,../MIT_split/train/street/par91.jpg,5
1309,../MIT_split/train/forest/cdmc375.jpg,0
1310,../MIT_split/train/forest/for22.jpg,0
1311,../MIT_split/train/inside_city/hous13.jpg,1
1312,../MIT_split/train/Opencountry/fie23.jpg,7
1313,../MIT_split/train/street/art1583.jpg,5
1314,../MIT_split/train/mountain/n199089.jpg,6
1315,../MIT_split/train/coast/n291075.jpg,3
1316,../MIT_split/train/street/a281067.jpg,5
1317,../MIT_split/train/tallbuilding/a538076.jpg,4
1318,../MIT_split/train/forest/urb753.jpg,0
1319,../MIT_split/train/mountain/n219008.jpg,6
1320,../MIT_split/train/Opencountry/land666.jpg,7
1321,../MIT_split/train/street/boston379.jpg,5
1322,../MIT_split/train/Opencountry/cdmc722.jpg,7
1323,../MIT_split/train/highway/gre472.jpg,2
1324,../MIT_split/train/forest/moun46.jpg,0
1325,../MIT_split/train/tallbuilding/urban983.jpg,4
1326,../MIT_split/train/inside_city/city84.jpg,1
1327,../MIT_split/train/tallbuilding/city70.jpg,4
1328,../MIT_split/train/forest/for136.jpg,0
1329,../MIT_split/train/Opencountry/nat1117.jpg,7
1330,../MIT_split/train/coast/nat292.jpg,3
1331,../MIT_split/train/street/art775.jpg,5
1332,../MIT_split/train/street/gre189.jpg,5
1333,../MIT_split/train/Opencountry/n371053.jpg,7
1334,../MIT_split/train/mountain/n347049.jpg,6
1335,../MIT_split/train/Opencountry/nat615.jpg,7
1336,../MIT_split/train/Opencountry/nat678.jpg,7
1337,../MIT_split/train/inside_city/urb322.jpg,1
1338,../MIT_split/train/mountain/natu655.jpg,6
1339,../MIT_split/train/inside_city/art692.jpg,1
1340,../MIT_split/train/tallbuilding/urban1193.jpg,4
1341,../MIT_split/train/coast/land480.jpg,3
1342,../MIT_split/train/mountain/nat826.jpg,6
1343,../MIT_split/train/highway/bost162.jpg,2
1344,../MIT_split/train/tallbuilding/a212017.jpg,4
1345,../MIT_split/train/coast/cdmc838.jpg,3
1346,../MIT_split/train/coast/cdmc123.jpg,3
1347,../MIT_split/train/tallbuilding/sky3.jpg,4
1348,../MIT_split/train/street/par93.jpg,5
1349,../MIT_split/train/Opencountry/natu574.jpg,7
1350,../MIT_split/train/tallbuilding/art425.jpg,4
1351,../MIT_split/train/Opencountry/nat423.jpg,7
1352,../MIT_split/train/tallbuilding/a244069.jpg,4
1353,../MIT_split/train/inside_city/urb321.jpg,1
1354,../MIT_split/train/forest/cdmc352.jpg,0
1355,../MIT_split/train/coast/cdmc933.jpg,3
1356,../MIT_split/train/inside_city/hous35.jpg,1
1357,../MIT_split/train/forest/nat717.jpg,0
1358,../MIT_split/train/inside_city/boston245.jpg,1
1359,../MIT_split/train/Opencountry/land833.jpg,7
1360,../MIT_split/train/coast/n328001.jpg,3
1361,../MIT_split/train/mountain/land130.jpg,6
1362,../MIT_split/train/inside_city/art666.jpg,1
1363,../MIT_split/train/highway/gre536.jpg,2
1364,../MIT_split/train/mountain/n213005.jpg,6
1365,../MIT_split/train/highway/gre533.jpg,2
1366,../MIT_split/train/highway/art489.jpg,2
1367,../MIT_split/train/inside_city/par181.jpg,1
1368,../MIT_split/train/tallbuilding/sky35.jpg,4
1369,../MIT_split/train/tallbuilding/art943.jpg,4
1370,../MIT_split/train/mountain/n213092.jpg,6
1371,../MIT_split/train/mountain/land10.jpg,6
1372,../MIT_split/train/forest/natu163.jpg,0
1373,../MIT_split/train/street/art764.jpg,5
1374,../MIT_split/train/mountain/n199031.jpg,6
1375,../MIT_split/train/forest/for114.jpg,0
1376,../MIT_split/train/highway/bost147.jpg,2
1377,../MIT_split/train/Opencountry/open53.jpg,7
1378,../MIT_split/train/street/art546.jpg,5
1379,../MIT_split/train/coast/n203030.jpg,3
1380,../MIT_split/train/Opencountry/land350.jpg,7
1381,../MIT_split/train/forest/land869.jpg,0
1382,../MIT_split/train/forest/land858.jpg,0
1383,../MIT_split/train/forest/cdmc458.jpg,0
1384,../MIT_split/train/street/par151.jpg,5
1385,../MIT_split/train/inside_city/art738.jpg,1
1386,../MIT_split/train/tallbuilding/sky7.jpg,4
1387,../MIT_split/train/mountain/nat481.jpg,6
1388,../MIT_split/train/Opencountry/natu883.jpg,7
1389,../MIT_split/train/street/boston274.jpg,5
1390,../MIT_split/train/Opencountry/land431.jpg,7
1391,../MIT_split/train/Opencountry/natu593.jpg,7
1392,../MIT_split/train/street/gre86.jpg,5
1393,../MIT_split/train/inside_city/art1678.jpg,1
1394,../MIT_split/train/inside_city/city21.jpg,1
1395,../MIT_split/train/street/boston21.jpg,5
1396,../MIT_split/train/inside_city/gre314.jpg,1
1397,../MIT_split/train/tallbuilding/a632016.jpg,4
1398,../MIT_split/train/inside_city/a487026.jpg,1
1399,../MIT_split/train/coast/nat496.jpg,3
1400,../MIT_split/train/forest/nat763.jpg,0
1401,../MIT_split/train/Opencountry/land616.jpg,7
1402,../MIT_split/train/coast/land341.jpg,3
1403,../MIT_split/train/mountain/nat199.jpg,6
1404,../MIT_split/train/mountain/nat801.jpg,6
1405,../MIT_split/train/street/bost45.jpg,5
1406,../MIT_split/train/Opencountry/natu176.jpg,7
1407,../MIT_split/train/street/urb722.jpg,5
1408,../MIT_split/train/coast/natu820.jpg,3
1409,../MIT_split/train/tallbuilding/art945.jpg,4
1410,../MIT_split/train/street/urb244.jpg,5
1411,../MIT_split/train/street/urb305.jpg,5
1412,../MIT_split/train/mountain/nat1207.jpg,6
1413,../MIT_split/train/Opencountry/sopen15.jpg,7
1414,../MIT_split/train/inside_city/gre249.jpg,1
1415,../MIT_split/train/coast/n243057.jpg,3
1416,../MIT_split/train/Opencountry/natu586.jpg,7
1417,../MIT_split/train/Opencountry/land381.jpg,7
1418,../MIT_split/train/forest/for47.jpg,0
1419,../MIT_split/train/forest/cdmc333.jpg,0
1420,../MIT_split/train/inside_city/art922.jpg,1
1421,../MIT_split/train/street/art1030.jpg,5
1422,../MIT_split/train/coast/n672031.jpg,3
1423,../MIT_split/train/tallbuilding/art1754.jpg,4
1424,../MIT_split/train/Opencountry/land957.jpg,7
1425,../MIT_split/train/street/par178.jpg,5
1426,../MIT_split/train/coast/sun1.jpg,3
1427,../MIT_split/train/Opencountry/nat1010.jpg,7
1428,../MIT_split/train/tallbuilding/a805085.jpg,4
1429,../MIT_split/train/inside_city/urb991.jpg,1
1430,../MIT_split/train/coast/n199065.jpg,3
1431,../MIT_split/train/coast/n228083.jpg,3
1432,../MIT_split/train/mountain/land225.jpg,6
1433,../MIT_split/train/tallbuilding/art617.jpg,4
1434,../MIT_split/train/Opencountry/land689.jpg,7
1435,../MIT_split/train/inside_city/art1598.jpg,1
1436,../MIT_split/train/coast/nat479.jpg,3
1437,../MIT_split/train/street/par154.jpg,5
1438,../MIT_split/train/forest/land850.jpg,0
1439,../MIT_split/train/tallbuilding/art1228.jpg,4
1440,../MIT_split/train/highway/gre657.jpg,2
1441,../MIT_split/train/mountain/n213049.jpg,6
1442,../MIT_split/train/street/par165.jpg,5
1443,../MIT_split/train/Opencountry/open38.jpg,7
1444,../MIT_split/train/highway/gre147.jpg,2
1445,../MIT_split/train/Opencountry/cdmc276.jpg,7
1446,../MIT_split/train/street/par203.jpg,5
1447,../MIT_split/train/mountain/nat57.jpg,6
1448,../MIT_split/train/mountain/sharp71.jpg,6
1449,../MIT_split/train/Opencountry/land691.jpg,7
1450,../MIT_split/train/forest/text11.jpg,0
1451,../MIT_split/train/forest/nat203.jpg,0
1452,../MIT_split/train/highway/gre651.jpg,2
1453,../MIT_split/train/mountain/sharp32.jpg,6
1454,../MIT_split/train/mountain/moun44.jpg,6
1455,../MIT_split/train/tallbuilding/art1413.jpg,4
1456,../MIT_split/train/Opencountry/land352.jpg,7
1457,../MIT_split/train/Opencountry/fie43.jpg,7
1458,../MIT_split/train/tallbuilding/art442.jpg,4
1459,../MIT_split/train/tallbuilding/urb726.jpg,4
1460,../MIT_split/train/street/art760.jpg,5
1461,../MIT_split/train/tallbuilding/urban1177.jpg,4
1462,../MIT_split/train/forest/nat210.jpg,0
1463,../MIT_split/train/mountain/n18070.jpg,6
1464,../MIT_split/train/tallbuilding/urban1141.jpg,4
1465,../MIT_split/train/inside_city/art1039.jpg,1
1466,../MIT_split/train/tallbuilding/urban28.jpg,4
1467,../MIT_split/train/inside_city/urb721.jpg,1
1468,../MIT_split/train/inside_city/art669.jpg,1
1469,../MIT_split/train/coast/n122078.jpg,3
1470,../MIT_split/train/coast/n243061.jpg,3
1471,../MIT_split/train/forest/for15.jpg,0
1472,../MIT_split/train/Opencountry/land704.jpg,7
1473,../MIT_split/train/forest/natu441.jpg,0
1474,../MIT_split/train/inside_city/enc3.jpg,1
1475,../MIT_split/train/coast/land369.jpg,3
1476,../MIT_split/train/mountain/n44004.jpg,6
1477,../MIT_split/train/street/a714064.jpg,5
1478,../MIT_split/train/mountain/sharp67.jpg,6
1479,../MIT_split/train/forest/for93.jpg,0
1480,../MIT_split/train/tallbuilding/city8.jpg,4
1481,../MIT_split/train/inside_city/a805082.jpg,1
1482,../MIT_split/train/Opencountry/land575.jpg,7
1483,../MIT_split/train/inside_city/urb454.jpg,1
1484,../MIT_split/train/Opencountry/n251016.jpg,7
1485,../MIT_split/train/highway/bost318.jpg,2
1486,../MIT_split/train/coast/nat1149.jpg,3
1487,../MIT_split/train/inside_city/gre641.jpg,1
1488,../MIT_split/train/forest/land864.jpg,0
1489,../MIT_split/train/Opencountry/land290.jpg,7
1490,../MIT_split/train/street/urb521.jpg,5
1491,../MIT_split/train/forest/nat400.jpg,0
1492,../MIT_split/train/street/bost81.jpg,5
1493,../MIT_split/train/street/gre121.jpg,5
1494,../MIT_split/train/forest/land726.jpg,0
1495,../MIT_split/train/street/par107.jpg,5
1496,../MIT_split/train/tallbuilding/art1751.jpg,4
1497,../MIT_split/train/mountain/nat116.jpg,6
1498,../MIT_split/train/tallbuilding/art1722.jpg,4
1499,../MIT_split/train/inside_city/art727.jpg,1
1500,../MIT_split/train/mountain/sharp29.jpg,6
1501,../MIT_split/train/inside_city/art700.jpg,1
1502,../MIT_split/train/street/street56.jpg,5
1503,../MIT_split/train/tallbuilding/a803053.jpg,4
1504,../MIT_split/train/Opencountry/natu576.jpg,7
1505,../MIT_split/train/highway/gre459.jpg,2
1506,../MIT_split/train/mountain/n213081.jpg,6
1507,../MIT_split/train/highway/bost170.jpg,2
1508,../MIT_split/train/coast/land115.jpg,3
1509,../MIT_split/train/Opencountry/nat748.jpg,7
1510,../MIT_split/train/forest/text119.jpg,0
1511,../MIT_split/train/coast/nat910.jpg,3
1512,../MIT_split/train/forest/land866.jpg,0
1513,../MIT_split/train/highway/natu787.jpg,2
1514,../MIT_split/train/highway/bost175.jpg,2
1515,../MIT_split/train/tallbuilding/art232.jpg,4
1516,../MIT_split/train/coast/natu718.jpg,3
1517,../MIT_split/train/mountain/n371076.jpg,6
1518,../MIT_split/train/coast/natu704.jpg,3
1519,../MIT_split/train/forest/cdmc271.jpg,0
1520,../MIT_split/train/coast/sun8.jpg,3
1521,../MIT_split/train/forest/natu860.jpg,0
1522,../MIT_split/train/Opencountry/n371061.jpg,7
1523,../MIT_split/train/tallbuilding/urban982.jpg,4
1524,../MIT_split/train/coast/land946.jpg,3
1525,../MIT_split/train/mountain/n18036.jpg,6
1526,../MIT_split/train/mountain/n371066.jpg,6
1527,../MIT_split/train/street/par101.jpg,5
1528,../MIT_split/train/Opencountry/nat1145.jpg,7
1529,../MIT_split/train/forest/text21.jpg,0
1530,../MIT_split/train/Opencountry/open12.jpg,7
1531,../MIT_split/train/forest/nat468.jpg,0
1532,../MIT_split/train/street/gre160.jpg,5
1533,../MIT_split/train/street/urb510.jpg,5
1534,../MIT_split/train/inside_city/urb992.jpg,1
1535,../MIT_split/train/highway/art250.jpg,2
1536,../MIT_split/train/highway/gre610.jpg,2
1537,../MIT_split/train/mountain/land223.jpg,6
1538,../MIT_split/train/inside_city/art1486.jpg,1
1539,../MIT_split/train/street/boston306.jpg,5
1540,../MIT_split/train/tallbuilding/sky43.jpg,4
1541,../MIT_split/train/coast/natu919.jpg,3
1542,../MIT_split/train/Opencountry/land48.jpg,7
1543,../MIT_split/train/coast/nat700.jpg,3
1544,../MIT_split/train/coast/n203011.jpg,3
1545,../MIT_split/train/mountain/nat681.jpg,6
1546,../MIT_split/train/coast/nat285.jpg,3
1547,../MIT_split/train/highway/gre537.jpg,2
1548,../MIT_split/train/tallbuilding/art385.jpg,4
1549,../MIT_split/train/mountain/n44031.jpg,6
1550,../MIT_split/train/tallbuilding/archi337.jpg,4
1551,../MIT_split/train/tallbuilding/a487070.jpg,4
1552,../MIT_split/train/Opencountry/land515.jpg,7
1553,../MIT_split/train/forest/cdmc331.jpg,0
1554,../MIT_split/train/mountain/land886.jpg,6
1555,../MIT_split/train/street/par113.jpg,5
1556,../MIT_split/train/inside_city/urb224.jpg,1
1557,../MIT_split/train/coast/n203085.jpg,3
1558,../MIT_split/train/coast/cdmc891.jpg,3
1559,../MIT_split/train/forest/for78.jpg,0
1560,../MIT_split/train/tallbuilding/urban22.jpg,4
1561,../MIT_split/train/highway/urb716.jpg,2
1562,../MIT_split/train/highway/gre48.jpg,2
1563,../MIT_split/train/street/par188.jpg,5
1564,../MIT_split/train/tallbuilding/art352.jpg,4
1565,../MIT_split/train/inside_city/art1677.jpg,1
1566,../MIT_split/train/street/par14.jpg,5
1567,../MIT_split/train/forest/nat1217.jpg,0
1568,../MIT_split/train/street/boston286.jpg,5
1569,../MIT_split/train/highway/gre402.jpg,2
1570,../MIT_split/train/coast/natu795.jpg,3
1571,../MIT_split/train/Opencountry/nat873.jpg,7
1572,../MIT_split/train/highway/gre646.jpg,2
1573,../MIT_split/train/Opencountry/natu998.jpg,7
1574,../MIT_split/train/coast/land372.jpg,3
1575,../MIT_split/train/inside_city/bost29.jpg,1
1576,../MIT_split/train/highway/gre650.jpg,2
1577,../MIT_split/train/coast/n243063.jpg,3
1578,../MIT_split/train/tallbuilding/a805043.jpg,4
1579,../MIT_split/train/coast/sun57.jpg,3
1580,../MIT_split/train/tallbuilding/a487053.jpg,4
1581,../MIT_split/train/forest/nat470.jpg,0
1582,../MIT_split/train/street/par80.jpg,5
1583,../MIT_split/train/Opencountry/nat731.jpg,7
1584,../MIT_split/train/mountain/land172.jpg,6
1585,../MIT_split/train/street/art1162.jpg,5
1586,../MIT_split/train/inside_city/boston340.jpg,1
1587,../MIT_split/train/coast/natu804.jpg,3
1588,../MIT_split/train/forest/for50.jpg,0
1589,../MIT_split/train/highway/bost387.jpg,2
1590,../MIT_split/train/highway/art813.jpg,2
1591,../MIT_split/train/Opencountry/land600.jpg,7
1592,../MIT_split/train/tallbuilding/urban1110.jpg,4
1593,../MIT_split/train/coast/natu986.jpg,3
1594,../MIT_split/train/forest/nat361.jpg,0
1595,../MIT_split/train/Opencountry/land194.jpg,7
1596,../MIT_split/train/mountain/n213053.jpg,6
1597,../MIT_split/train/inside_city/art569.jpg,1
1598,../MIT_split/train/coast/natu811.jpg,3
1599,../MIT_split/train/coast/natu830.jpg,3
1600,../MIT_split/train/Opencountry/natu652.jpg,7
1601,../MIT_split/train/Opencountry/land51.jpg,7
1602,../MIT_split/train/coast/land302.jpg,3
1603,../MIT_split/train/coast/natu25.jpg,3
1604,../MIT_split/train/Opencountry/nat190.jpg,7
1605,../MIT_split/train/Opencountry/land825.jpg,7
1606,../MIT_split/train/coast/nat294.jpg,3
1607,../MIT_split/train/Opencountry/nat524.jpg,7
1608,../MIT_split/train/inside_city/art1586.jpg,1
1609,../MIT_split/train/street/bost136.jpg,5
1610,../MIT_split/train/mountain/land286.jpg,6
1611,../MIT_split/train/mountain/sharp54.jpg,6
1612,../MIT_split/train/tallbuilding/art1589.jpg,4
1613,../MIT_split/train/highway/gre530.jpg,2
1614,../MIT_split/train/Opencountry/land525.jpg,7
1615,../MIT_split/train/inside_city/a462055.jpg,1
1616,../MIT_split/train/forest/cdmc293.jpg,0
1617,../MIT_split/train/Opencountry/land658.jpg,7
1618,../MIT_split/train/mountain/n18009.jpg,6
1619,../MIT_split/train/inside_city/a111017.jpg,1
1620,../MIT_split/train/highway/bost312.jpg,2
1621,../MIT_split/train/coast/nat482.jpg,3
1622,../MIT_split/train/street/hexp21.jpg,5
1623,../MIT_split/train/mountain/nat752.jpg,6
1624,../MIT_split/train/highway/gre426.jpg,2
1625,../MIT_split/train/mountain/nat409.jpg,6
1626,../MIT_split/train/mountain/natu894.jpg,6
1627,../MIT_split/train/tallbuilding/a806011.jpg,4
1628,../MIT_split/train/mountain/art1132.jpg,6
1629,../MIT_split/train/tallbuilding/art309.jpg,4
1630,../MIT_split/train/Opencountry/nat1111.jpg,7
1631,../MIT_split/train/mountain/land319.jpg,6
1632,../MIT_split/train/street/par118.jpg,5
1633,../MIT_split/train/mountain/sharp44.jpg,6
1634,../MIT_split/train/Opencountry/land573.jpg,7
1635,../MIT_split/train/Opencountry/natu89.jpg,7
1636,../MIT_split/train/mountain/n737041.jpg,6
1637,../MIT_split/train/coast/n291032.jpg,3
1638,../MIT_split/train/coast/nat865.jpg,3
1639,../MIT_split/train/street/a79094.jpg,5
1640,../MIT_split/train/tallbuilding/art326.jpg,4
1641,../MIT_split/train/highway/art579.jpg,2
1642,../MIT_split/train/inside_city/art643.jpg,1
1643,../MIT_split/train/street/urb506.jpg,5
1644,../MIT_split/train/street/gre116.jpg,5
1645,../MIT_split/train/inside_city/urb121.jpg,1
1646,../MIT_split/train/forest/bost103.jpg,0
1647,../MIT_split/train/highway/bost298.jpg,2
1648,../MIT_split/train/mountain/ski65.jpg,6
1649,../MIT_split/train/street/gre115.jpg,5
1650,../MIT_split/train/tallbuilding/art1352.jpg,4
1651,../MIT_split/train/street/par52.jpg,5
1652,../MIT_split/train/tallbuilding/urban15.jpg,4
1653,../MIT_split/train/Opencountry/land291.jpg,7
1654,../MIT_split/train/mountain/nat1093.jpg,6
1655,../MIT_split/train/forest/natu913.jpg,0
1656,../MIT_split/train/tallbuilding/art350.jpg,4
1657,../MIT_split/train/forest/for44.jpg,0
1658,../MIT_split/train/street/gre251.jpg,5
1659,../MIT_split/train/tallbuilding/sky21.jpg,4
1660,../MIT_split/train/coast/cdmc948.jpg,3
1661,../MIT_split/train/highway/art237.jpg,2
1662,../MIT_split/train/forest/cdmc319.jpg,0
1663,../MIT_split/train/Opencountry/n213061.jpg,7
1664,../MIT_split/train/forest/nat354.jpg,0
1665,../MIT_split/train/inside_city/hous109.jpg,1
1666,../MIT_split/train/street/par29.jpg,5
1667,../MIT_split/train/tallbuilding/a462003.jpg,4
1668,../MIT_split/train/tallbuilding/a462023.jpg,4
1669,../MIT_split/train/mountain/nat427.jpg,6
1670,../MIT_split/train/forest/land870.jpg,0
1671,../MIT_split/train/Opencountry/n251011.jpg,7
1672,../MIT_split/train/tallbuilding/art736.jpg,4
1673,../MIT_split/train/tallbuilding/urb792.jpg,4
1674,../MIT_split/train/highway/art1204.jpg,2
1675,../MIT_split/train/inside_city/art1161.jpg,1
1676,../MIT_split/train/forest/natu949.jpg,0
1677,../MIT_split/train/coast/land277.jpg,3
1678,../MIT_split/train/mountain/sharp96.jpg,6
1679,../MIT_split/train/mountain/n738013.jpg,6
1680,../MIT_split/train/coast/n295080.jpg,3
1681,../MIT_split/train/tallbuilding/art1017.jpg,4
1682,../MIT_split/train/inside_city/gre286.jpg,1
1683,../MIT_split/train/Opencountry/land513.jpg,7
1684,../MIT_split/train/coast/land951.jpg,3
1685,../MIT_split/train/mountain/nat682.jpg,6
1686,../MIT_split/train/tallbuilding/archi615.jpg,4
1687,../MIT_split/train/tallbuilding/art473.jpg,4
1688,../MIT_split/train/mountain/sharp33.jpg,6
1689,../MIT_split/train/Opencountry/natu583.jpg,7
1690,../MIT_split/train/tallbuilding/city60.jpg,4
1691,../MIT_split/train/tallbuilding/art430.jpg,4
1692,../MIT_split/train/forest/natu443.jpg,0
1693,../MIT_split/train/tallbuilding/city86.jpg,4
1694,../MIT_split/train/forest/natu848.jpg,0
1695,../MIT_split/train/mountain/n213098.jpg,6
1696,../MIT_split/train/tallbuilding/archi67.jpg,4
1697,../MIT_split/train/Opencountry/n295072.jpg,7
1698,../MIT_split/train/inside_city/art785.jpg,1
1699,../MIT_split/train/Opencountry/n490003.jpg,7
1700,../MIT_split/train/street/urb805.jpg,5
1701,../MIT_split/train/tallbuilding/urban167.jpg,4
1702,../MIT_split/train/forest/cdmc292.jpg,0
1703,../MIT_split/train/street/bost50.jpg,5
1704,../MIT_split/train/highway/bost155.jpg,2
1705,../MIT_split/train/street/bost75.jpg,5
1706,../MIT_split/train/tallbuilding/archi603.jpg,4
1707,../MIT_split/train/Opencountry/land80.jpg,7
1708,../MIT_split/train/highway/art885.jpg,2
1709,../MIT_split/train/inside_city/art676.jpg,1
1710,../MIT_split/train/street/urb761.jpg,5
1711,../MIT_split/train/street/art768.jpg,5
1712,../MIT_split/train/Opencountry/land891.jpg,7
1713,../MIT_split/train/mountain/land880.jpg,6
1714,../MIT_split/train/mountain/natu749.jpg,6
1715,../MIT_split/train/mountain/n213080.jpg,6
1716,../MIT_split/train/inside_city/a212025.jpg,1
1717,../MIT_split/train/street/gre191.jpg,5
1718,../MIT_split/train/tallbuilding/urban158.jpg,4
1719,../MIT_split/train/street/street61.jpg,5
1720,../MIT_split/train/inside_city/hous130.jpg,1
1721,../MIT_split/train/coast/bea24.jpg,3
1722,../MIT_split/train/inside_city/bost191.jpg,1
1723,../MIT_split/train/street/bost82.jpg,5
1724,../MIT_split/train/Opencountry/nat896.jpg,7
1725,../MIT_split/train/highway/gre484.jpg,2
1726,../MIT_split/train/tallbuilding/art224.jpg,4
1727,../MIT_split/train/highway/urb471.jpg,2
1728,../MIT_split/train/Opencountry/fie35.jpg,7
1729,../MIT_split/train/mountain/land16.jpg,6
1730,../MIT_split/train/Opencountry/open42.jpg,7
1731,../MIT_split/train/street/par78.jpg,5
1732,../MIT_split/train/Opencountry/land493.jpg,7
1733,../MIT_split/train/highway/bost315.jpg,2
1734,../MIT_split/train/mountain/nat1136.jpg,6
1735,../MIT_split/train/tallbuilding/a212018.jpg,4
1736,../MIT_split/train/highway/bost393.jpg,2
1737,../MIT_split/train/Opencountry/natu525.jpg,7
1738,../MIT_split/train/street/street59.jpg,5
1739,../MIT_split/train/Opencountry/land905.jpg,7
1740,../MIT_split/train/coast/natu604.jpg,3
1741,../MIT_split/train/Opencountry/fie26.jpg,7
1742,../MIT_split/train/mountain/n213056.jpg,6
1743,../MIT_split/train/Opencountry/natu935.jpg,7
1744,../MIT_split/train/forest/cdmc317.jpg,0
1745,../MIT_split/train/inside_city/a805091.jpg,1
1746,../MIT_split/train/coast/nat643.jpg,3
1747,../MIT_split/train/inside_city/urb245.jpg,1
1748,../MIT_split/train/forest/natu317.jpg,0
1749,../MIT_split/train/forest/cdmc415.jpg,0
1750,../MIT_split/train/coast/cdmc923.jpg,3
1751,../MIT_split/train/Opencountry/land540.jpg,7
1752,../MIT_split/train/forest/text20.jpg,0
1753,../MIT_split/train/inside_city/art1258.jpg,1
1754,../MIT_split/train/mountain/nat1046.jpg,6
1755,../MIT_split/train/highway/urb537.jpg,2
1756,../MIT_split/train/mountain/land315.jpg,6
1757,../MIT_split/train/inside_city/urb487.jpg,1
1758,../MIT_split/train/mountain/n199080.jpg,6
1759,../MIT_split/train/tallbuilding/a636015.jpg,4
1760,../MIT_split/train/inside_city/urb494.jpg,1
1761,../MIT_split/train/inside_city/hous15.jpg,1
1762,../MIT_split/train/tallbuilding/city7.jpg,4
1763,../MIT_split/train/forest/nat367.jpg,0
1764,../MIT_split/train/highway/gre153.jpg,2
1765,../MIT_split/train/street/boston351.jpg,5
1766,../MIT_split/train/Opencountry/nat750.jpg,7
1767,../MIT_split/train/coast/land100.jpg,3
1768,../MIT_split/train/tallbuilding/urb906.jpg,4
1769,../MIT_split/train/Opencountry/land656.jpg,7
1770,../MIT_split/train/Opencountry/n213045.jpg,7
1771,../MIT_split/train/mountain/natu466.jpg,6
1772,../MIT_split/train/mountain/nat760.jpg,6
1773,../MIT_split/train/highway/art563.jpg,2
1774,../MIT_split/train/street/par125.jpg,5
1775,../MIT_split/train/tallbuilding/urban693.jpg,4
1776,../MIT_split/train/coast/n228047.jpg,3
1777,../MIT_split/train/forest/for96.jpg,0
1778,../MIT_split/train/highway/gre404.jpg,2
1779,../MIT_split/train/tallbuilding/a526079.jpg,4
1780,../MIT_split/train/inside_city/art641.jpg,1
1781,../MIT_split/train/forest/natu72.jpg,0
1782,../MIT_split/train/Opencountry/natu726.jpg,7
1783,../MIT_split/train/mountain/nat55.jpg,6
1784,../MIT_split/train/inside_city/art904.jpg,1
1785,../MIT_split/train/coast/nat1052.jpg,3
1786,../MIT_split/train/street/urb928.jpg,5
1787,../MIT_split/train/mountain/sopen16.jpg,6
1788,../MIT_split/train/highway/bost332.jpg,2
1789,../MIT_split/train/street/par54.jpg,5
1790,../MIT_split/train/mountain/natu763.jpg,6
1791,../MIT_split/train/forest/for87.jpg,0
1792,../MIT_split/train/Opencountry/land645.jpg,7
1793,../MIT_split/train/highway/nat546.jpg,2
1794,../MIT_split/train/tallbuilding/urban1158.jpg,4
1795,../MIT_split/train/Opencountry/natu181.jpg,7
1796,../MIT_split/train/highway/art580.jpg,2
1797,../MIT_split/train/mountain/nat433.jpg,6
1798,../MIT_split/train/forest/nat1242.jpg,0
1799,../MIT_split/train/coast/n203036.jpg,3
1800,../MIT_split/train/forest/for130.jpg,0
1801,../MIT_split/train/coast/natu975.jpg,3
1802,../MIT_split/train/highway/bost300.jpg,2
1803,../MIT_split/train/inside_city/bost55.jpg,1
1804,../MIT_split/train/street/gre653.jpg,5
1805,../MIT_split/train/forest/text41.jpg,0
1806,../MIT_split/train/highway/bost184.jpg,2
1807,../MIT_split/train/mountain/sharp72.jpg,6
1808,../MIT_split/train/inside_city/art681.jpg,1
1809,../MIT_split/train/coast/n739046.jpg,3
1810,../MIT_split/train/mountain/natu474.jpg,6
1811,../MIT_split/train/inside_city/art1037.jpg,1
1812,../MIT_split/train/forest/nat835.jpg,0
1813,../MIT_split/train/tallbuilding/a487086.jpg,4
1814,../MIT_split/train/mountain/n255068.jpg,6
1815,../MIT_split/train/tallbuilding/urban1081.jpg,4
1816,../MIT_split/train/tallbuilding/art260.jpg,4
1817,../MIT_split/train/highway/n480001.jpg,2
1818,../MIT_split/train/tallbuilding/urban445.jpg,4
1819,../MIT_split/train/street/boston356.jpg,5
1820,../MIT_split/train/tallbuilding/a804071.jpg,4
1821,../MIT_split/train/tallbuilding/a808090.jpg,4
1822,../MIT_split/train/street/par199.jpg,5
1823,../MIT_split/train/forest/cdmc547.jpg,0
1824,../MIT_split/train/Opencountry/natu65.jpg,7
1825,../MIT_split/train/forest/cdmc351.jpg,0
1826,../MIT_split/train/Opencountry/natu100.jpg,7
1827,../MIT_split/train/Opencountry/natu77.jpg,7
1828,../MIT_split/train/forest/nat205.jpg,0
1829,../MIT_split/train/highway/gre40.jpg,2
1830,../MIT_split/train/inside_city/a379017.jpg,1
1831,../MIT_split/train/inside_city/boston383.jpg,1
1832,../MIT_split/train/highway/a866048.jpg,2
1833,../MIT_split/train/mountain/n344042.jpg,6
1834,../MIT_split/train/forest/text81.jpg,0
1835,../MIT_split/train/Opencountry/natu535.jpg,7
1836,../MIT_split/train/street/urb866.jpg,5
1837,../MIT_split/train/forest/cdmc388.jpg,0
1838,../MIT_split/train/Opencountry/fie27.jpg,7
1839,../MIT_split/train/inside_city/art942.jpg,1
1840,../MIT_split/train/tallbuilding/art1001.jpg,4
1841,../MIT_split/train/inside_city/art1664.jpg,1
1842,../MIT_split/train/mountain/n18044.jpg,6
1843,../MIT_split/train/street/gre179.jpg,5
1844,../MIT_split/train/tallbuilding/sky25.jpg,4
1845,../MIT_split/train/Opencountry/land709.jpg,7
1846,../MIT_split/train/forest/nat221.jpg,0
1847,../MIT_split/train/mountain/natu742.jpg,6
1848,../MIT_split/train/street/urb562.jpg,5
1849,../MIT_split/train/street/gre91.jpg,5
1850,../MIT_split/train/tallbuilding/urban846.jpg,4
1851,../MIT_split/train/Opencountry/land406.jpg,7
1852,../MIT_split/train/Opencountry/nat626.jpg,7
1853,../MIT_split/train/mountain/sharp30.jpg,6
1854,../MIT_split/train/inside_city/art622.jpg,1
1855,../MIT_split/train/Opencountry/natu83.jpg,7
1856,../MIT_split/train/forest/text122.jpg,0
1857,../MIT_split/train/tallbuilding/a244009.jpg,4
1858,../MIT_split/train/Opencountry/nat455.jpg,7
1859,../MIT_split/train/coast/n672069.jpg,3
1860,../MIT_split/train/tallbuilding/urb529.jpg,4
1861,../MIT_split/train/coast/nat462.jpg,3
1862,../MIT_split/train/forest/natu439.jpg,0
1863,../MIT_split/train/forest/land861.jpg,0
1864,../MIT_split/train/Opencountry/fie13.jpg,7
1865,../MIT_split/train/forest/cdmc291.jpg,0
1866,../MIT_split/train/street/gre27.jpg,5
1867,../MIT_split/train/forest/natu866.jpg,0
1868,../MIT_split/train/mountain/nat93.jpg,6
1869,../MIT_split/train/inside_city/a804060.jpg,1
1870,../MIT_split/train/mountain/natu875.jpg,6
1871,../MIT_split/train/inside_city/a248032.jpg,1
1872,../MIT_split/train/inside_city/art1135.jpg,1
1873,../MIT_split/train/tallbuilding/urb391.jpg,4
1874,../MIT_split/train/forest/cdmc282.jpg,0
1875,../MIT_split/train/street/par198.jpg,5
1876,../MIT_split/train/tallbuilding/art1747.jpg,4
1877,../MIT_split/train/forest/nat347.jpg,0
1878,../MIT_split/train/tallbuilding/art459.jpg,4
1879,../MIT_split/train/Opencountry/natu885.jpg,7
1880,../MIT_split/train/mountain/n213048.jpg,6